flight_id,date,carrier,origin,dest,sched_dep_local,delay_risk,delayed_15,delay_cause,prev_arr_delay_min,turnaround_buffer_min,inbound_delay_after_buffer_min,snowfall_cm,precip_mm,wind_gust_kmh,departures_origin_hour,origin_hour_congestion_pctile
2015-01-11_MQ2975,2015-01-11,MQ,ORD,HSV,20:20,0.7762782915080355,1,carrier,84.0,148.0,0.0,0.28,0.4,16.6,52,0.6072969424123054
2015-01-11_UA426,2015-01-11,UA,ORD,LGA,20:31,0.7656383147916348,1,weather,25.0,101.0,0.0,0.28,0.4,16.6,52,0.6072969424123054
2015-01-11_MQ3185,2015-01-11,MQ,ORD,COU,19:55,0.7631993168945024,1,nas,37.0,116.0,0.0,0.28,0.4,16.9,38,0.17792159069592947
2015-01-11_MQ2997,2015-01-11,MQ,ORD,BNA,19:05,0.7617296956947913,0,nas,26.0,157.0,0.0,0.28,0.4,16.9,38,0.17792159069592947
2015-01-11_MQ3608,2015-01-11,MQ,ORD,GRB,20:55,0.7569439155330968,1,nas,88.0,372.0,0.0,0.28,0.4,16.6,52,0.6072969424123054
2015-01-11_UA1585,2015-01-11,UA,ORD,DEN,20:15,0.7525216320652116,1,late_aircraft,11.0,,0.0,0.28,0.4,16.6,52,0.6072969424123054
2015-01-11_UA1134,2015-01-11,UA,ORD,CLE,19:15,0.7516848749229268,1,late_aircraft,99.0,,0.0,0.28,0.4,16.9,38,0.17792159069592947
2015-01-11_MQ3139,2015-01-11,MQ,ORD,DBQ,21:50,0.7513000585650659,1,late_aircraft,138.0,177.0,0.0,0.21,0.3,16.2,38,0.17792159069592947
2015-01-11_UA1155,2015-01-11,UA,ORD,MIA,19:19,0.7512722389882729,1,weather,53.0,,0.0,0.28,0.4,16.9,38,0.17792159069592947
2015-01-11_MQ3033,2015-01-11,MQ,ORD,SGF,19:00,0.7506837347210021,1,weather,8.0,,0.0,0.28,0.4,16.9,38,0.17792159069592947
2015-01-11_MQ3233,2015-01-11,MQ,ORD,XNA,20:40,0.7491498596255589,1,nas,8.0,224.0,0.0,0.28,0.4,16.6,52,0.6072969424123054
2015-01-11_AA154,2015-01-11,AA,ORD,MCO,19:55,0.7476574985793588,1,late_aircraft,86.0,270.0,0.0,0.28,0.4,16.9,38,0.17792159069592947
2015-01-11_UA1705,2015-01-11,UA,ORD,DEN,19:35,0.7473396676848983,1,weather,1.0,,0.0,0.28,0.4,16.9,38,0.17792159069592947
2015-01-11_UA1160,2015-01-11,UA,ORD,SFO,20:20,0.7471010937005257,1,weather,0.0,,0.0,0.28,0.4,16.6,52,0.6072969424123054
2015-01-11_AA335,2015-01-11,AA,ORD,TUS,19:45,0.7469364808091414,1,weather,67.0,,0.0,0.28,0.4,16.9,38,0.17792159069592947
2015-01-11_NK295,2015-01-11,NK,ORD,IAH,20:20,0.746739138554387,1,nas,29.0,,0.0,0.28,0.4,16.6,52,0.6072969424123054
2015-01-11_MQ3019,2015-01-11,MQ,ORD,OKC,21:50,0.7456961406446131,1,late_aircraft,68.0,156.0,0.0,0.21,0.3,16.2,38,0.17792159069592947
2015-01-11_UA690,2015-01-11,UA,ORD,LGA,19:04,0.7455858645297528,1,weather,1.0,181.0,0.0,0.28,0.4,16.9,38,0.17792159069592947
2015-01-11_MQ3201,2015-01-11,MQ,ORD,BNA,20:05,0.7454266833156417,1,weather,-4.0,201.0,0.0,0.28,0.4,16.6,52,0.6072969424123054
2015-01-11_MQ3383,2015-01-11,MQ,ORD,XNA,19:35,0.7435686741747553,1,nas,4.0,212.0,0.0,0.28,0.4,16.9,38,0.17792159069592947
2015-01-11_MQ2933,2015-01-11,MQ,ORD,EVV,20:15,0.7432893192425133,1,nas,0.0,,0.0,0.28,0.4,16.6,52,0.6072969424123054
2015-01-11_MQ3676,2015-01-11,MQ,ORD,LEX,19:10,0.7431330491790343,0,nas,3.0,480.0,0.0,0.28,0.4,16.9,38,0.17792159069592947
2015-01-11_MQ3280,2015-01-11,MQ,ORD,RST,20:05,0.7413683955925298,1,nas,0.0,2.0,0.0,0.28,0.4,16.6,52,0.6072969424123054
2015-01-11_MQ3625,2015-01-11,MQ,ORD,CID,21:25,0.7408490497041705,1,weather,52.0,117.0,0.0,0.21,0.3,16.2,38,0.17792159069592947
2015-01-11_MQ3107,2015-01-11,MQ,ORD,GRR,21:10,0.7403751765353328,1,nas,124.0,224.0,0.0,0.21,0.3,16.2,38,0.17792159069592947
2015-01-11_MQ3673,2015-01-11,MQ,ORD,CMI,20:35,0.7401241944591141,1,nas,0.0,,0.0,0.28,0.4,16.6,52,0.6072969424123054
2015-01-11_OO2644,2015-01-11,OO,ORD,CHO,20:10,0.7400339594993679,0,nas,73.0,,0.0,0.28,0.4,16.6,52,0.6072969424123054
2015-01-11_MQ3039,2015-01-11,MQ,ORD,ALO,20:10,0.7396339686689724,1,weather,0.0,189.0,0.0,0.28,0.4,16.6,52,0.6072969424123054
2015-01-11_UA1591,2015-01-11,UA,ORD,LAX,20:16,0.7394784099474492,1,none,-11.0,311.0,0.0,0.28,0.4,16.6,52,0.6072969424123054
2015-01-11_EV5973,2015-01-11,EV,ORD,TUL,20:05,0.7393967130638608,1,late_aircraft,50.0,231.0,0.0,0.28,0.4,16.6,52,0.6072969424123054
2015-01-10_MQ3107,2015-01-10,MQ,ORD,GRR,19:10,0.7382892229142091,1,late_aircraft,56.0,104.0,0.0,0.0,0.0,34.6,38,0.17792159069592947
2015-01-11_MQ3124,2015-01-11,MQ,ORD,TVC,19:55,0.7380819856967169,1,nas,0.0,,0.0,0.28,0.4,16.9,38,0.17792159069592947
2015-01-11_MQ3174,2015-01-11,MQ,ORD,LIT,21:55,0.7373271238180824,1,weather,37.0,175.0,0.0,0.21,0.3,16.2,38,0.17792159069592947
2015-01-11_UA1535,2015-01-11,UA,ORD,SNA,20:01,0.737013679010339,0,none,-15.0,226.0,0.0,0.28,0.4,16.6,52,0.6072969424123054
2015-01-11_UA1136,2015-01-11,UA,ORD,IAH,20:15,0.7370053874552772,1,weather,-1.0,,0.0,0.28,0.4,16.6,52,0.6072969424123054
2015-01-11_MQ3421,2015-01-11,MQ,ORD,FNT,21:25,0.7364507843738995,1,weather,66.0,340.0,0.0,0.21,0.3,16.2,38,0.17792159069592947
2015-01-11_AA2353,2015-01-11,AA,ORD,DFW,20:30,0.7338562976653031,1,nas,0.0,,0.0,0.28,0.4,16.6,52,0.6072969424123054
2015-01-11_AA149,2015-01-11,AA,ORD,JFK,19:35,0.7336029967039643,1,weather,5.0,,0.0,0.28,0.4,16.9,38,0.17792159069592947
2015-01-10_MQ3025,2015-01-10,MQ,ORD,DSM,16:05,0.7329512091668167,1,late_aircraft,46.0,94.0,0.0,0.0,0.0,34.6,45,0.31804539486025135
2015-01-11_UA1617,2015-01-11,UA,ORD,MSP,19:35,0.7322290011677529,1,weather,10.0,,0.0,0.28,0.4,16.9,38,0.17792159069592947
2015-01-11_AA1118,2015-01-11,AA,ORD,PBI,19:05,0.7318885419031205,1,late_aircraft,4.0,221.0,0.0,0.28,0.4,16.9,38,0.17792159069592947
2015-01-11_EV4237,2015-01-11,EV,ORD,JAN,20:05,0.7305453528225364,0,nas,4.0,,0.0,0.28,0.4,16.6,52,0.6072969424123054
2015-01-11_EV6113,2015-01-11,EV,ORD,CAE,19:08,0.729580402954783,1,nas,10.0,183.0,0.0,0.28,0.4,16.9,38,0.17792159069592947
2015-01-11_MQ2971,2015-01-11,MQ,ORD,MLI,19:55,0.7280272156084201,0,nas,7.0,298.0,0.0,0.28,0.4,16.9,38,0.17792159069592947
2015-01-11_UA1284,2015-01-11,UA,ORD,DSM,20:18,0.7278648610182787,1,weather,-7.0,244.0,0.0,0.28,0.4,16.6,52,0.6072969424123054
2015-01-11_MQ3068,2015-01-11,MQ,ORD,CMH,19:45,0.727846380625773,0,nas,-3.0,200.0,0.0,0.28,0.4,16.9,38,0.17792159069592947
2015-01-11_AS21,2015-01-11,AS,ORD,SEA,19:30,0.7273954751624606,1,late_aircraft,0.0,,0.0,0.28,0.4,16.9,38,0.17792159069592947
2015-01-11_AA41,2015-01-11,AA,ORD,SEA,20:50,0.7273770122382074,1,weather,-2.0,189.0,0.0,0.28,0.4,16.6,52,0.6072969424123054
2015-01-11_AA1009,2015-01-11,AA,ORD,LAX,20:25,0.7256475358149472,1,weather,24.0,323.0,0.0,0.28,0.4,16.6,52,0.6072969424123054
2015-01-11_AA288,2015-01-11,AA,ORD,BOS,20:05,0.7246533634172264,1,weather,-1.0,,0.0,0.28,0.4,16.6,52,0.6072969424123054
2015-01-11_EV4726,2015-01-11,EV,ORD,CAK,19:34,0.7237999018151179,1,nas,0.0,,0.0,0.28,0.4,16.9,38,0.17792159069592947
2015-01-11_AA1398,2015-01-11,AA,ORD,AUS,20:55,0.7231213183951414,1,carrier,-8.0,,0.0,0.28,0.4,16.6,52,0.6072969424123054
2015-01-11_MQ3319,2015-01-11,MQ,ORD,CMI,19:05,0.7225880510979733,1,nas,-26.0,178.0,0.0,0.28,0.4,16.9,38,0.17792159069592947
2015-01-11_OO6437,2015-01-11,OO,ORD,DFW,20:05,0.7223666949240646,0,nas,2.0,148.0,0.0,0.28,0.4,16.6,52,0.6072969424123054
2015-01-11_OO6384,2015-01-11,OO,ORD,COS,20:20,0.7222080107241792,0,nas,2.0,128.0,0.0,0.28,0.4,16.6,52,0.6072969424123054
2015-01-11_EV3942,2015-01-11,EV,ORD,ROA,20:00,0.7218522845521143,1,carrier,0.0,158.0,0.0,0.28,0.4,16.6,52,0.6072969424123054
2015-01-11_AA1384,2015-01-11,AA,ORD,MSP,20:55,0.7203902224441039,1,weather,0.0,,0.0,0.28,0.4,16.6,52,0.6072969424123054
2015-01-11_EV3943,2015-01-11,EV,ORD,MCI,20:45,0.7199412338728295,0,carrier,9.0,447.0,0.0,0.28,0.4,16.6,52,0.6072969424123054
2015-01-11_UA263,2015-01-11,UA,ORD,MSP,20:20,0.7197606137879217,1,weather,-15.0,269.0,0.0,0.28,0.4,16.6,52,0.6072969424123054
2015-01-11_AA1617,2015-01-11,AA,ORD,LAX,19:15,0.7187447792492917,1,weather,-18.0,,0.0,0.28,0.4,16.9,38,0.17792159069592947
2015-01-11_DL1777,2015-01-11,DL,ORD,ATL,19:15,0.7186728739321697,0,nas,126.0,,0.0,0.28,0.4,16.9,38,0.17792159069592947
2015-01-10_MQ3413,2015-01-10,MQ,ORD,DTW,15:10,0.7172261050603733,1,weather,50.0,182.0,0.0,0.0,0.0,35.3,42,0.2893453385856312
2015-01-11_MQ3084,2015-01-11,MQ,ORD,CMH,21:30,0.7169322031089663,1,weather,-2.0,453.0,0.0,0.21,0.3,16.2,38,0.17792159069592947
2015-01-11_OO2641,2015-01-11,OO,ORD,ICT,19:25,0.7150333727933355,1,carrier,0.0,96.0,0.0,0.28,0.4,16.9,38,0.17792159069592947
2015-01-11_MQ3442,2015-01-11,MQ,ORD,CMI,21:25,0.7144548053068158,1,nas,0.0,453.0,0.0,0.21,0.3,16.2,38,0.17792159069592947
2015-01-10_MQ2951,2015-01-10,MQ,ORD,DSM,19:45,0.7126561867045058,1,late_aircraft,58.0,200.0,0.0,0.0,0.0,34.6,38,0.17792159069592947
2015-01-11_UA545,2015-01-11,UA,ORD,BOS,21:15,0.7106167761183095,1,weather,-7.0,287.0,0.0,0.21,0.3,16.2,38,0.17792159069592947
2015-01-10_MQ3435,2015-01-10,MQ,ORD,HPN,18:50,0.7102742409005869,0,none,32.0,,0.0,0.0,0.0,34.2,51,0.5639654848996436
2015-01-11_AA346,2015-01-11,AA,ORD,LGA,19:55,0.7094723619626101,1,weather,-25.0,446.0,0.0,0.28,0.4,16.9,38,0.17792159069592947
2015-01-11_AA2376,2015-01-11,AA,ORD,PHX,20:05,0.7087519034893867,1,weather,-6.0,232.0,0.0,0.28,0.4,16.6,52,0.6072969424123054
2015-01-11_MQ3013,2015-01-11,MQ,ORD,CVG,21:05,0.7056266897243356,1,late_aircraft,-5.0,402.0,0.0,0.21,0.3,16.2,38,0.17792159069592947
2015-01-11_EV4234,2015-01-11,EV,ORD,PVD,19:22,0.7055038108721078,0,nas,-20.0,157.0,0.0,0.28,0.4,16.9,38,0.17792159069592947
2015-01-11_EV5984,2015-01-11,EV,ORD,SGF,20:05,0.7050536089562994,1,carrier,-16.0,207.0,0.0,0.28,0.4,16.6,52,0.6072969424123054
2015-01-11_OO2637,2015-01-11,OO,ORD,MKE,19:45,0.7041716545547909,0,nas,0.0,77.0,0.0,0.28,0.4,16.9,38,0.17792159069592947
2015-01-10_MQ3280,2015-01-10,MQ,ORD,RST,19:15,0.7032808749090923,1,weather,24.0,126.0,0.0,0.0,0.0,34.6,38,0.17792159069592947
2015-01-11_F91285,2015-01-11,F9,ORD,LAS,21:35,0.7028243278826409,1,late_aircraft,228.0,215.0,13.0,0.21,0.3,16.2,38,0.17792159069592947
2015-01-11_AA1587,2015-01-11,AA,ORD,LAS,21:25,0.7022821133805278,1,weather,16.0,203.0,0.0,0.21,0.3,16.2,38,0.17792159069592947
2015-01-11_NK968,2015-01-11,NK,ORD,BWI,21:04,0.7008983478157284,1,carrier,18.0,453.0,0.0,0.21,0.3,16.2,38,0.17792159069592947
2015-01-11_MQ3003,2015-01-11,MQ,ORD,MSN,18:05,0.7008742601141916,1,nas,82.0,176.0,0.0,0.07,0.0,17.3,65,0.8659726130181955
2015-01-11_UA344,2015-01-11,UA,ORD,CLE,21:15,0.6998339708060477,1,weather,-12.0,,0.0,0.21,0.3,16.2,38,0.17792159069592947
2015-01-10_MQ3087,2015-01-10,MQ,ORD,XNA,15:00,0.6986810710563719,0,none,84.0,,0.0,0.0,0.0,35.3,42,0.2893453385856312
2015-01-11_OO6258,2015-01-11,OO,ORD,FSD,20:05,0.6975488344198666,0,nas,1.0,137.0,0.0,0.28,0.4,16.6,52,0.6072969424123054
2015-01-11_EV6100,2015-01-11,EV,ORD,PIA,20:16,0.6974337572126029,1,nas,-17.0,383.0,0.0,0.28,0.4,16.6,52,0.6072969424123054
2015-01-11_AA1331,2015-01-11,AA,ORD,STL,20:20,0.6971633402991172,1,weather,-16.0,228.0,0.0,0.28,0.4,16.6,52,0.6072969424123054
2015-01-11_AA1235,2015-01-11,AA,ORD,DEN,21:15,0.696556465762883,1,weather,0.0,,0.0,0.21,0.3,16.2,38,0.17792159069592947
2015-01-10_UA672,2015-01-10,UA,ORD,SFO,16:15,0.6955894878684157,1,none,41.0,100.0,0.0,0.0,0.0,34.6,45,0.31804539486025135
2015-01-11_NK763,2015-01-11,NK,ORD,MSP,19:52,0.6955603592880465,0,none,-26.0,,0.0,0.28,0.4,16.9,38,0.17792159069592947
2015-01-11_OO6213,2015-01-11,OO,ORD,FAR,20:05,0.6944554318010397,0,nas,-5.0,440.0,0.0,0.28,0.4,16.6,52,0.6072969424123054
2015-01-11_OO5351,2015-01-11,OO,ORD,CMX,21:18,0.6943090983426441,0,nas,23.0,,0.0,0.21,0.3,16.2,38,0.17792159069592947
2015-01-11_MQ3413,2015-01-11,MQ,ORD,DTW,15:10,0.6935239961786157,1,weather,89.0,182.0,0.0,0.0,0.0,22.0,54,0.6468767585818795
2015-01-11_OO5205,2015-01-11,OO,ORD,DCA,21:00,0.6918822547241067,1,nas,64.0,,0.0,0.21,0.3,16.2,38,0.17792159069592947
2015-01-10_MQ3124,2015-01-10,MQ,ORD,TVC,19:55,0.6917725983479553,0,none,27.0,188.0,0.0,0.0,0.0,34.6,38,0.17792159069592947
2015-01-11_AA1402,2015-01-11,AA,ORD,RDU,21:10,0.6910671640199365,1,weather,-7.0,234.0,0.0,0.21,0.3,16.2,38,0.17792159069592947
2015-01-11_EV5905,2015-01-11,EV,ORD,LAN,21:05,0.6870441281204702,0,nas,15.0,,0.0,0.21,0.3,16.2,38,0.17792159069592947
2015-01-11_OO5378,2015-01-11,OO,ORD,PAH,21:00,0.6864070175447265,1,late_aircraft,33.0,187.0,0.0,0.21,0.3,16.2,38,0.17792159069592947
2015-01-10_MQ3003,2015-01-10,MQ,ORD,MSN,18:30,0.6860963258713563,0,nas,16.0,129.0,0.0,0.0,0.0,34.2,51,0.5639654848996436
2015-01-11_EV6038,2015-01-11,EV,ORD,CLT,21:05,0.6854752326470885,1,late_aircraft,-2.0,,0.0,0.21,0.3,16.2,38,0.17792159069592947
2015-01-11_NK853,2015-01-11,NK,ORD,DEN,21:40,0.6847068800784132,1,late_aircraft,-14.0,,0.0,0.21,0.3,16.2,38,0.17792159069592947
2015-01-11_OO5589,2015-01-11,OO,ORD,ORF,21:00,0.6835578084354037,1,carrier,1.0,,0.0,0.21,0.3,16.2,38,0.17792159069592947
2015-01-10_UA1620,2015-01-10,UA,ORD,LGA,19:45,0.6832553171344854,1,carrier,27.0,57.0,0.0,0.0,0.0,34.6,38,0.17792159069592947
2015-01-11_NK167,2015-01-11,NK,ORD,PHX,21:15,0.6830660357762933,0,none,4.0,,0.0,0.21,0.3,16.2,38,0.17792159069592947
2015-01-10_EV4755,2015-01-10,EV,ORD,CAE,19:35,0.6806185137716693,1,late_aircraft,54.0,90.0,0.0,0.0,0.0,34.6,38,0.17792159069592947
2015-01-11_MQ3435,2015-01-11,MQ,ORD,HPN,18:50,0.6773408065188988,1,weather,71.0,,0.0,0.07,0.0,17.3,65,0.8659726130181955
2015-01-11_AA156,2015-01-11,AA,ORD,SAN,21:25,0.6768062657820717,1,carrier,-27.0,458.0,0.0,0.21,0.3,16.2,38,0.17792159069592947
2015-01-10_EV4713,2015-01-10,EV,ORD,ERI,16:47,0.6764244266669854,1,late_aircraft,61.0,79.0,0.0,0.0,0.0,34.6,45,0.31804539486025135
2015-01-11_OO5407,2015-01-11,OO,ORD,SPI,21:05,0.67633693176778,1,carrier,0.0,122.0,0.0,0.21,0.3,16.2,38,0.17792159069592947
2015-01-11_MQ3694,2015-01-11,MQ,ORD,FWA,12:00,0.6762878320082312,1,late_aircraft,41.0,64.0,0.0,0.0,0.0,25.6,44,0.30547739636090787
2015-01-10_MQ2975,2015-01-10,MQ,ORD,HSV,20:20,0.6739980711028205,1,nas,150.0,,0.0,0.0,0.0,34.6,30,0.06706058900769087
2015-01-11_UA278,2015-01-11,UA,ORD,MDT,18:35,0.6710577806413316,1,late_aircraft,78.0,159.0,0.0,0.07,0.0,17.3,65,0.8659726130181955
2015-01-10_NK903,2015-01-10,NK,ORD,DFW,18:45,0.667587026153482,1,late_aircraft,61.0,184.0,0.0,0.0,0.0,34.2,51,0.5639654848996436
2015-01-11_MQ3274,2015-01-11,MQ,ORD,CVG,15:30,0.6671465450189625,0,none,64.0,,0.0,0.0,0.0,22.0,54,0.6468767585818795
2015-01-11_MQ3178,2015-01-11,MQ,ORD,CMH,18:40,0.6670529258139457,1,nas,30.0,266.0,0.0,0.07,0.0,17.3,65,0.8659726130181955
2015-01-10_MQ3618,2015-01-10,MQ,ORD,LIT,15:10,0.6664480057029244,1,weather,19.0,201.0,0.0,0.0,0.0,35.3,42,0.2893453385856312
2015-01-10_UA685,2015-01-10,UA,ORD,SFO,18:03,0.66644620990391,1,carrier,52.0,,0.0,0.0,0.0,34.2,51,0.5639654848996436
2015-01-10_MQ3126,2015-01-10,MQ,ORD,EVV,13:10,0.6636052167399601,0,none,128.0,,0.0,0.0,0.0,39.2,63,0.8181391858938285
2015-01-10_MQ3185,2015-01-10,MQ,ORD,COU,19:55,0.6624154062252613,0,nas,23.0,207.0,0.0,0.0,0.0,34.6,38,0.17792159069592947
2015-01-10_MQ3689,2015-01-10,MQ,ORD,CVG,17:05,0.6624069856759336,1,weather,71.0,460.0,0.0,0.0,0.0,32.4,24,0.03442130932282874
2015-01-10_UA1585,2015-01-10,UA,ORD,BDL,19:35,0.6582325035166229,1,carrier,141.0,,0.0,0.0,0.0,34.6,38,0.17792159069592947
2015-01-10_EV3932,2015-01-10,EV,ORD,IND,16:00,0.6578655120249818,1,carrier,46.0,172.0,0.0,0.0,0.0,34.6,45,0.31804539486025135
2015-01-10_UA741,2015-01-10,UA,ORD,SFO,19:41,0.6572543541136213,1,weather,41.0,,0.0,0.0,0.0,34.6,38,0.17792159069592947
2015-01-11_MQ2970,2015-01-11,MQ,ORD,FAR,15:00,0.6570165323692955,0,none,23.0,147.0,0.0,0.0,0.0,22.0,54,0.6468767585818795
2015-01-11_UA472,2015-01-11,UA,ORD,ALB,18:55,0.6563801996244533,1,weather,365.0,,180.0,0.07,0.0,17.3,65,0.8659726130181955
2015-01-10_MQ3611,2015-01-10,MQ,ORD,BUF,17:10,0.6557574706366672,1,carrier,43.0,308.0,0.0,0.0,0.0,32.4,24,0.03442130932282874
2015-01-10_AA87,2015-01-10,AA,ORD,RNO,18:55,0.6525460931943645,1,late_aircraft,93.0,184.0,0.0,0.0,0.0,34.2,51,0.5639654848996436
2015-01-10_MQ3457,2015-01-10,MQ,ORD,ROC,15:20,0.6522059123537554,1,weather,22.0,151.0,0.0,0.0,0.0,35.3,42,0.2893453385856312
2015-01-11_MQ3297,2015-01-11,MQ,ORD,TOL,16:45,0.6493632542451475,1,weather,23.0,120.0,0.0,0.0,0.0,20.9,51,0.5639654848996436
2015-01-11_MQ3611,2015-01-11,MQ,ORD,BUF,17:10,0.6492404169015606,1,nas,196.0,291.0,0.0,0.0,0.0,19.4,52,0.6072969424123054
2015-01-10_OO6395,2015-01-10,OO,ORD,COS,18:00,0.648108657816073,1,late_aircraft,148.0,,0.0,0.0,0.0,34.2,51,0.5639654848996436
2015-01-10_OO5233,2015-01-10,OO,ORD,ASE,18:10,0.6478541583255445,0,none,173.0,,0.0,0.0,0.0,34.2,51,0.5639654848996436
2015-01-10_UA1552,2015-01-10,UA,ORD,IAD,16:18,0.6472029616916355,1,carrier,172.0,,0.0,0.0,0.0,34.6,45,0.31804539486025135
2015-01-10_OO6198,2015-01-10,OO,ORD,BOI,18:00,0.6470362886777395,0,nas,160.0,,0.0,0.0,0.0,34.2,51,0.5639654848996436
2015-01-11_UA1681,2015-01-11,UA,ORD,TPA,18:15,0.6461872985374922,1,weather,56.0,,0.0,0.07,0.0,17.3,65,0.8659726130181955
2015-01-10_MQ3469,2015-01-10,MQ,ORD,FSD,15:25,0.6458846117646582,1,weather,24.0,172.0,0.0,0.0,0.0,35.3,42,0.2893453385856312
2015-01-11_MQ3228,2015-01-11,MQ,ORD,LSE,12:35,0.6454437379978463,0,none,209.0,,24.0,0.0,0.0,25.6,44,0.30547739636090787
2015-01-11_UA1084,2015-01-11,UA,ORD,EWR,16:02,0.6450173267211935,0,none,197.0,,12.0,0.0,0.0,20.9,51,0.5639654848996436
2015-01-11_UA1233,2015-01-11,UA,ORD,BOS,18:10,0.6445287178937243,1,weather,32.0,,0.0,0.07,0.0,17.3,65,0.8659726130181955
2015-01-11_OO6449,2015-01-11,OO,ORD,SLC,18:00,0.6433386845764791,0,nas,232.0,,47.0,0.07,0.0,17.3,65,0.8659726130181955
2015-01-10_MQ3155,2015-01-10,MQ,ORD,CMI,13:10,0.6431240792207354,1,late_aircraft,34.0,149.0,0.0,0.0,0.0,39.2,63,0.8181391858938285
2015-01-11_AA1008,2015-01-11,AA,ORD,RSW,18:45,0.6426835097969757,1,weather,193.0,,8.0,0.07,0.0,17.3,65,0.8659726130181955
2015-01-10_B61106,2015-01-10,B6,ORD,JFK,18:40,0.6420147763478397,0,none,37.0,,0.0,0.0,0.0,34.2,51,0.5639654848996436
2015-01-11_UA1620,2015-01-11,UA,ORD,LGA,16:00,0.6397876348404826,0,none,69.0,,0.0,0.0,0.0,20.9,51,0.5639654848996436
2015-01-10_OO4995,2015-01-10,OO,ORD,SBN,18:10,0.638595499213831,1,nas,60.0,341.0,0.0,0.0,0.0,34.2,51,0.5639654848996436
2015-01-10_UA1622,2015-01-10,UA,ORD,PHL,19:35,0.6379713530329357,1,late_aircraft,32.0,,0.0,0.0,0.0,34.6,38,0.17792159069592947
2015-01-11_OO6395,2015-01-11,OO,ORD,COS,18:00,0.6378988661350344,1,late_aircraft,107.0,253.0,0.0,0.07,0.0,17.3,65,0.8659726130181955
2015-01-11_AA1459,2015-01-11,AA,ORD,SFO,18:15,0.636775281543773,1,none,75.0,236.0,0.0,0.07,0.0,17.3,65,0.8659726130181955
2015-01-11_MQ2907,2015-01-11,MQ,ORD,CVG,18:40,0.636391739656065,1,nas,0.0,,0.0,0.07,0.0,17.3,65,0.8659726130181955
2015-01-11_US759,2015-01-11,US,ORD,CLT,21:00,0.6362533308596303,0,nas,-20.0,,0.0,0.21,0.3,16.2,38,0.17792159069592947
2015-01-10_OO5236,2015-01-10,OO,ORD,MSP,18:10,0.6358477006442589,1,late_aircraft,107.0,223.0,0.0,0.0,0.0,34.2,51,0.5639654848996436
2015-01-10_OO5403,2015-01-10,OO,ORD,MKG,16:06,0.6351417338529011,0,nas,64.0,242.0,0.0,0.0,0.0,34.6,45,0.31804539486025135
2015-01-10_UA1196,2015-01-10,UA,ORD,CMH,19:35,0.6336938081925757,0,none,27.0,,0.0,0.0,0.0,34.6,38,0.17792159069592947
2015-01-11_UA1041,2015-01-11,UA,ORD,CLE,16:30,0.633091764811732,1,none,105.0,,0.0,0.0,0.0,20.9,51,0.5639654848996436
2015-01-10_UA1460,2015-01-10,UA,ORD,EWR,15:02,0.6329049778622424,1,none,186.0,,1.0,0.0,0.0,35.3,42,0.2893453385856312
2015-01-10_AA1459,2015-01-10,AA,ORD,SFO,18:15,0.6317920047868145,1,weather,106.0,,0.0,0.0,0.0,34.2,51,0.5639654848996436
2015-01-10_MQ3139,2015-01-10,MQ,ORD,DBQ,21:50,0.6314841603915378,0,none,150.0,,0.0,0.0,0.0,36.0,10,0.020165072219095855
2015-01-11_UA368,2015-01-11,UA,ORD,PHL,16:00,0.6305402370477311,0,none,57.0,,0.0,0.0,0.0,20.9,51,0.5639654848996436
2015-01-10_MQ3037,2015-01-10,MQ,ORD,PIA,21:30,0.6304014628436725,1,weather,89.0,,0.0,0.0,0.0,36.0,10,0.020165072219095855
2015-01-10_MQ3606,2015-01-10,MQ,ORD,DTW,20:50,0.6302353917376788,1,weather,19.0,387.0,0.0,0.0,0.0,34.6,30,0.06706058900769087
2015-01-10_EV4533,2015-01-10,EV,ORD,DSM,18:00,0.6295767498392787,0,nas,74.0,,0.0,0.0,0.0,34.2,51,0.5639654848996436
2015-01-10_EV6034,2015-01-10,EV,ORD,ELM,16:10,0.6295725039088457,0,none,133.0,,0.0,0.0,0.0,34.6,45,0.31804539486025135
2015-01-10_UA814,2015-01-10,UA,ORD,IAH,15:29,0.6294092058725209,0,none,112.0,,0.0,0.0,0.0,35.3,42,0.2893453385856312
2015-01-11_MQ3606,2015-01-11,MQ,ORD,DTW,18:20,0.6292861893096323,0,nas,12.0,182.0,0.0,0.07,0.0,17.3,65,0.8659726130181955
2015-01-10_UA1762,2015-01-10,UA,ORD,SMF,15:26,0.6287053297467519,0,none,177.0,,0.0,0.0,0.0,35.3,42,0.2893453385856312
2015-01-11_MQ3100,2015-01-11,MQ,ORD,MSN,15:00,0.6285825562152507,1,late_aircraft,16.0,127.0,0.0,0.0,0.0,22.0,54,0.6468767585818795
2015-01-11_MQ3229,2015-01-11,MQ,ORD,XNA,18:25,0.6278411042495449,0,nas,-1.0,146.0,0.0,0.07,0.0,17.3,65,0.8659726130181955
2015-01-10_UA1128,2015-01-10,UA,ORD,LAX,15:06,0.6264659723547411,0,none,93.0,,0.0,0.0,0.0,35.3,42,0.2893453385856312
2015-01-10_UA681,2015-01-10,UA,ORD,SFO,15:22,0.6262257759132428,1,carrier,43.0,,0.0,0.0,0.0,35.3,42,0.2893453385856312
2015-01-10_MQ3676,2015-01-10,MQ,ORD,LEX,19:10,0.6260594343019029,0,none,0.0,,0.0,0.0,0.0,34.6,38,0.17792159069592947
2015-01-11_EV3961,2015-01-11,EV,ORD,TYS,18:16,0.6251796257652824,1,late_aircraft,59.0,231.0,0.0,0.07,0.0,17.3,65,0.8659726130181955
2015-01-10_MQ2971,2015-01-10,MQ,ORD,MLI,19:00,0.6250492954698516,0,nas,8.0,109.0,0.0,0.0,0.0,34.6,38,0.17792159069592947
2015-01-10_MQ2997,2015-01-10,MQ,ORD,BNA,19:05,0.6244757327841871,0,nas,0.0,475.0,0.0,0.0,0.0,34.6,38,0.17792159069592947
2015-01-11_OO6319,2015-01-11,OO,ORD,BNA,18:05,0.6240998750847695,1,carrier,54.0,,0.0,0.07,0.0,17.3,65,0.8659726130181955
2015-01-11_UA1702,2015-01-11,UA,ORD,MCO,16:05,0.6239879183769909,0,none,35.0,,0.0,0.0,0.0,20.9,51,0.5639654848996436
2015-01-11_MQ3102,2015-01-11,MQ,ORD,DAY,17:25,0.6238543784459484,1,nas,19.0,64.0,0.0,0.0,0.0,19.4,52,0.6072969424123054
2015-01-10_UA1647,2015-01-10,UA,ORD,IAH,20:00,0.62360392853406,1,carrier,72.0,,0.0,0.0,0.0,34.6,30,0.06706058900769087
2015-01-10_MQ3152,2015-01-10,MQ,ORD,AZO,19:00,0.6229097016700472,1,nas,11.0,184.0,0.0,0.0,0.0,34.6,38,0.17792159069592947
2015-01-10_MQ3201,2015-01-10,MQ,ORD,BNA,20:05,0.6223140100719181,1,weather,23.0,246.0,0.0,0.0,0.0,34.6,30,0.06706058900769087
2015-01-10_MQ3605,2015-01-10,MQ,ORD,FWA,18:05,0.6209339423177043,0,none,-2.0,299.0,0.0,0.0,0.0,34.2,51,0.5639654848996436
2015-01-11_F91260,2015-01-11,F9,ORD,TPA,14:25,0.620903911063588,1,late_aircraft,186.0,55.0,131.0,0.0,0.0,25.9,34,0.10307634590133183
2015-01-10_MQ3178,2015-01-10,MQ,ORD,CMH,18:40,0.620881903429073,0,nas,4.0,266.0,0.0,0.0,0.0,34.2,51,0.5639654848996436
2015-01-10_MQ3466,2015-01-10,MQ,ORD,SYR,18:50,0.6207212823357919,1,weather,-5.0,195.0,0.0,0.0,0.0,34.2,51,0.5639654848996436
2015-01-10_AA354,2015-01-10,AA,ORD,LGA,16:35,0.6206703342857339,0,none,117.0,,0.0,0.0,0.0,34.6,45,0.31804539486025135
2015-01-10_MQ3060,2015-01-10,MQ,ORD,LSE,16:30,0.6204583002467615,1,late_aircraft,0.0,43.0,0.0,0.0,0.0,34.6,45,0.31804539486025135
2015-01-10_AA154,2015-01-10,AA,ORD,MCO,19:55,0.618286604380098,0,nas,99.0,,0.0,0.0,0.0,34.6,38,0.17792159069592947
2015-01-10_MQ3468,2015-01-10,MQ,ORD,BMI,16:15,0.618056422568863,0,nas,9.0,153.0,0.0,0.0,0.0,34.6,45,0.31804539486025135
2015-01-11_MQ3415,2015-01-11,MQ,ORD,OMA,10:10,0.6175636174898136,0,none,80.0,,0.0,0.0,0.0,23.8,39,0.21403113862314763
2015-01-10_MQ3625,2015-01-10,MQ,ORD,CID,21:25,0.617140245510902,0,none,32.0,211.0,0.0,0.0,0.0,36.0,10,0.020165072219095855
2015-01-11_MQ2968,2015-01-11,MQ,ORD,STL,14:05,0.6163640515742468,0,none,20.0,202.0,0.0,0.0,0.0,25.9,34,0.10307634590133183
2015-01-11_MQ3405,2015-01-11,MQ,ORD,DSM,22:15,0.6161187763445446,1,weather,96.0,268.0,0.0,0.07,0.1,15.8,7,0.004220596510973551
2015-01-10_MQ2986,2015-01-10,MQ,ORD,DTW,16:10,0.616052606691646,1,weather,4.0,131.0,0.0,0.0,0.0,34.6,45,0.31804539486025135
2015-01-10_OO6331,2015-01-10,OO,ORD,COS,15:10,0.6152910108260963,1,weather,144.0,,0.0,0.0,0.0,35.3,42,0.2893453385856312
2015-01-10_MQ3274,2015-01-10,MQ,ORD,CVG,15:30,0.6148336812047425,1,weather,0.0,45.0,0.0,0.0,0.0,35.3,42,0.2893453385856312
2015-01-11_UA1530,2015-01-11,UA,ORD,IAH,18:50,0.614464995080012,1,weather,17.0,200.0,0.0,0.07,0.0,17.3,65,0.8659726130181955
2015-01-10_MQ3229,2015-01-10,MQ,ORD,XNA,18:25,0.6142294860037208,0,none,-9.0,,0.0,0.0,0.0,34.2,51,0.5639654848996436
2015-01-11_MQ3133,2015-01-11,MQ,ORD,EVV,17:15,0.6142166192830024,0,nas,30.0,,0.0,0.0,0.0,19.4,52,0.6072969424123054
2015-01-10_MQ3020,2015-01-10,MQ,ORD,CLE,13:23,0.614021471900531,0,none,25.0,190.0,0.0,0.0,0.0,39.2,63,0.8181391858938285
2015-01-10_MQ3608,2015-01-10,MQ,ORD,GRB,20:55,0.6139520785461574,1,carrier,19.0,292.0,0.0,0.0,0.0,34.6,30,0.06706058900769087
2015-01-10_OO6469,2015-01-10,OO,ORD,BUF,19:45,0.6134166398506354,0,none,37.0,312.0,0.0,0.0,0.0,34.6,38,0.17792159069592947
2015-01-10_OO4977,2015-01-10,OO,ORD,MLI,20:23,0.6132566985656536,0,nas,138.0,473.0,0.0,0.0,0.0,34.6,30,0.06706058900769087
2015-01-11_MQ3165,2015-01-11,MQ,ORD,MQT,18:00,0.6113793460232774,1,weather,-18.0,117.0,0.0,0.07,0.0,17.3,65,0.8659726130181955
2015-01-11_UA499,2015-01-11,UA,ORD,SFO,15:22,0.6106580758351853,0,none,100.0,,0.0,0.0,0.0,22.0,54,0.6468767585818795
2015-01-10_MQ3619,2015-01-10,MQ,ORD,CWA,16:20,0.6104982125407176,0,none,-1.0,179.0,0.0,0.0,0.0,34.6,45,0.31804539486025135
2015-01-11_UA1582,2015-01-11,UA,ORD,MSY,15:31,0.6098369030784989,0,none,75.0,,0.0,0.0,0.0,22.0,54,0.6468767585818795
2015-01-11_UA714,2015-01-11,UA,ORD,OMA,15:14,0.6093171901984229,0,none,166.0,,0.0,0.0,0.0,22.0,54,0.6468767585818795
2015-01-10_MQ3297,2015-01-10,MQ,ORD,TOL,16:45,0.60912498063966,0,nas,10.0,96.0,0.0,0.0,0.0,34.6,45,0.31804539486025135
2015-01-11_UA1226,2015-01-11,UA,ORD,EWR,15:02,0.6090497179061559,0,none,47.0,,0.0,0.0,0.0,22.0,54,0.6468767585818795
2015-01-11_MQ3180,2015-01-11,MQ,ORD,BIS,10:55,0.6078612008813463,0,none,60.0,,0.0,0.0,0.0,23.8,39,0.21403113862314763
2015-01-11_UA597,2015-01-11,UA,ORD,CLE,15:39,0.6074538436533509,0,none,51.0,,0.0,0.0,0.0,22.0,54,0.6468767585818795
2015-01-10_NK295,2015-01-10,NK,ORD,IAH,20:20,0.6074338129882321,1,carrier,127.0,,0.0,0.0,0.0,34.6,30,0.06706058900769087
2015-01-10_AA1116,2015-01-10,AA,ORD,MSP,16:40,0.6065226950220116,1,carrier,56.0,,0.0,0.0,0.0,34.6,45,0.31804539486025135
2015-01-11_MQ3212,2015-01-11,MQ,ORD,TYS,09:50,0.6060086020302895,0,nas,143.0,,0.0,0.0,0.0,24.5,58,0.7106546614143688
2015-01-10_AA241,2015-01-10,AA,ORD,SFO,16:10,0.6059159767211957,0,none,30.0,,0.0,0.0,0.0,34.6,45,0.31804539486025135
2015-01-10_UA473,2015-01-10,UA,ORD,GRR,20:00,0.605752983721851,0,none,27.0,310.0,0.0,0.0,0.0,34.6,30,0.06706058900769087
2015-01-11_UA222,2015-01-11,UA,ORD,BDL,18:13,0.6053271022341405,1,weather,29.0,,0.0,0.07,0.0,17.3,65,0.8659726130181955
2015-01-10_MQ3192,2015-01-10,MQ,ORD,GRR,15:25,0.6038541830232057,0,none,0.0,,0.0,0.0,0.0,35.3,42,0.2893453385856312
2015-01-11_AA1401,2015-01-11,AA,ORD,MIA,16:30,0.6032437227856329,0,none,55.0,,0.0,0.0,0.0,20.9,51,0.5639654848996436
2015-01-11_F91064,2015-01-11,F9,ORD,MCO,16:10,0.6029228824088634,1,carrier,173.0,,0.0,0.0,0.0,20.9,51,0.5639654848996436
2015-01-10_MQ3649,2015-01-10,MQ,ORD,DSM,14:45,0.6017728659366343,1,weather,94.0,189.0,0.0,0.0,0.0,36.7,23,0.027762145938848248
2015-01-11_MQ3479,2015-01-11,MQ,ORD,AZO,09:10,0.6012144332672087,1,carrier,50.0,,0.0,0.0,0.0,24.5,58,0.7106546614143688
2015-01-10_MQ3052,2015-01-10,MQ,ORD,FNT,15:10,0.5999435774029339,1,weather,-6.0,75.0,0.0,0.0,0.0,35.3,42,0.2893453385856312
2015-01-10_US895,2015-01-10,US,ORD,PHL,18:55,0.5990517997228283,0,none,34.0,,0.0,0.0,0.0,34.2,51,0.5639654848996436
2015-01-11_MQ3618,2015-01-11,MQ,ORD,LIT,15:10,0.5972128276844871,0,none,6.0,166.0,0.0,0.0,0.0,22.0,54,0.6468767585818795
2015-01-10_MQ3102,2015-01-10,MQ,ORD,DAY,17:25,0.5969337715872552,0,nas,15.0,303.0,0.0,0.0,0.0,32.4,24,0.03442130932282874
2015-01-10_EV4744,2015-01-10,EV,ORD,GRB,18:05,0.596434679632464,1,weather,35.0,,0.0,0.0,0.0,34.2,51,0.5639654848996436
2015-01-11_EV3964,2015-01-11,EV,ORD,TVC,18:59,0.5956244354414177,0,nas,26.0,172.0,0.0,0.07,0.0,17.3,65,0.8659726130181955
2015-01-11_MQ2904,2015-01-11,MQ,ORD,RIC,15:25,0.5955799537300562,1,carrier,0.0,,0.0,0.0,0.0,22.0,54,0.6468767585818795
2015-01-10_AA364,2015-01-10,AA,ORD,LGA,15:00,0.5955137337033384,1,late_aircraft,155.0,,0.0,0.0,0.0,35.3,42,0.2893453385856312
2015-01-10_MQ3061,2015-01-10,MQ,ORD,AZO,14:15,0.595478186372698,1,weather,204.0,,19.0,0.0,0.0,36.7,23,0.027762145938848248
2015-01-10_AA288,2015-01-10,AA,ORD,BOS,20:05,0.5953144891748475,0,none,41.0,,0.0,0.0,0.0,34.6,30,0.06706058900769087
2015-01-11_OO6255,2015-01-11,OO,DEN,EUG,18:53,0.5939782114442,1,late_aircraft,61.0,114.0,0.0,0.0,0.0,5.8,44,0.539187790998448
2015-01-10_DL1877,2015-01-10,DL,ORD,ATL,16:45,0.5939437006220583,0,none,102.0,,0.0,0.0,0.0,34.6,45,0.31804539486025135
2015-01-11_UA308,2015-01-11,UA,ORD,MCO,18:23,0.5936298550788542,1,nas,10.0,64.0,0.0,0.07,0.0,17.3,65,0.8659726130181955
2015-01-11_MQ3689,2015-01-11,MQ,ORD,CVG,16:15,0.5923001762123292,0,none,-7.0,104.0,0.0,0.0,0.0,20.9,51,0.5639654848996436
2015-01-11_UA685,2015-01-11,UA,ORD,SFO,18:03,0.5921307452524,1,none,2.0,,0.0,0.07,0.0,17.3,65,0.8659726130181955
2015-01-11_MQ3457,2015-01-11,MQ,ORD,ROC,15:20,0.5918372393372158,0,none,-2.0,151.0,0.0,0.0,0.0,22.0,54,0.6468767585818795
2015-01-10_EV6125,2015-01-10,EV,ORD,GRB,20:00,0.5901677790223194,0,none,39.0,,0.0,0.0,0.0,34.6,30,0.06706058900769087
2015-01-10_EV4729,2015-01-10,EV,ORD,JAX,16:20,0.5900860134978528,0,none,35.0,,0.0,0.0,0.0,34.6,45,0.31804539486025135
2015-01-10_OO6258,2015-01-10,OO,ORD,FSD,18:10,0.5897075228343138,1,carrier,18.0,,0.0,0.0,0.0,34.2,51,0.5639654848996436
2015-01-11_MQ2986,2015-01-11,MQ,ORD,DTW,16:10,0.588999383757386,1,nas,-6.0,131.0,0.0,0.0,0.0,20.9,51,0.5639654848996436
2015-01-11_UA1282,2015-01-11,UA,ORD,LAX,18:38,0.5883208985141639,1,late_aircraft,0.0,,0.0,0.07,0.0,17.3,65,0.8659726130181955
2015-01-11_EV6149,2015-01-11,EV,ORD,DSM,15:39,0.5882965542268453,1,none,52.0,,0.0,0.0,0.0,22.0,54,0.6468767585818795
2015-01-11_OO5159,2015-01-11,OO,ORD,CMH,13:20,0.5878553562676847,0,none,108.0,,0.0,0.0,0.0,26.6,70,0.916619771149878
2015-01-10_MQ3310,2015-01-10,MQ,ORD,CVG,20:10,0.5877660680841682,1,weather,0.0,11.0,0.0,0.0,0.0,34.6,30,0.06706058900769087
2015-01-11_UA476,2015-01-11,UA,ORD,BWI,14:05,0.5873697240535272,0,none,283.0,,98.0,0.0,0.0,25.9,34,0.10307634590133183
2015-01-11_MQ3669,2015-01-11,MQ,ORD,BNA,12:49,0.5867190483539992,0,none,17.0,192.0,0.0,0.0,0.0,25.6,44,0.30547739636090787
2015-01-11_MQ3060,2015-01-11,MQ,ORD,LSE,16:30,0.5864093264878871,0,nas,-9.0,168.0,0.0,0.0,0.0,20.9,51,0.5639654848996436
2015-01-11_OO6505,2015-01-11,OO,DEN,TUS,18:55,0.5863633899853855,1,late_aircraft,105.0,124.0,0.0,0.0,0.0,5.8,44,0.539187790998448
2015-01-10_AA1384,2015-01-10,AA,ORD,MSP,20:55,0.5860514645972129,0,none,45.0,295.0,0.0,0.0,0.0,34.6,30,0.06706058900769087
2015-01-11_MQ3468,2015-01-11,MQ,ORD,BMI,16:15,0.5859219388594518,1,weather,-9.0,183.0,0.0,0.0,0.0,20.9,51,0.5639654848996436
2015-01-11_MQ3087,2015-01-11,MQ,ORD,XNA,15:00,0.5858419573136029,0,none,-4.0,191.0,0.0,0.0,0.0,22.0,54,0.6468767585818795
2015-01-11_MQ3073,2015-01-11,MQ,ORD,CLE,15:45,0.5858078765018545,1,weather,-9.0,74.0,0.0,0.0,0.0,22.0,54,0.6468767585818795
2015-01-11_UA605,2015-01-11,UA,ORD,LGA,13:10,0.5854305847781521,0,none,47.0,,0.0,0.0,0.0,26.6,70,0.916619771149878
2015-01-11_MQ3605,2015-01-11,MQ,ORD,FWA,16:15,0.584934573589069,1,nas,-10.0,177.0,0.0,0.0,0.0,20.9,51,0.5639654848996436
2015-01-10_MQ2941,2015-01-10,MQ,ORD,DAY,13:05,0.5849325504029809,0,none,7.0,130.0,0.0,0.0,0.0,39.2,63,0.8181391858938285
2015-01-10_MQ2933,2015-01-10,MQ,ORD,EVV,20:15,0.5848066893090046,1,carrier,0.0,,0.0,0.0,0.0,34.6,30,0.06706058900769087
2015-01-11_AA93,2015-01-11,AA,ORD,SAN,17:20,0.5844253466626143,0,none,64.0,,0.0,0.0,0.0,19.4,52,0.6072969424123054
2015-01-11_MQ2950,2015-01-11,MQ,ORD,RST,11:45,0.5838988493568645,1,weather,9.0,77.0,0.0,0.0,0.0,24.5,38,0.17792159069592947
2015-01-11_MQ3192,2015-01-11,MQ,ORD,GRR,15:25,0.5833315895472844,0,none,-4.0,165.0,0.0,0.0,0.0,22.0,54,0.6468767585818795
2015-01-10_MQ3339,2015-01-10,MQ,ORD,SYR,13:25,0.5821069581607174,0,none,4.0,162.0,0.0,0.0,0.0,39.2,63,0.8181391858938285
2015-01-10_MQ3699,2015-01-10,MQ,ORD,RIC,20:58,0.5816966892465291,0,none,0.0,160.0,0.0,0.0,0.0,34.6,30,0.06706058900769087
2015-01-10_EV5959,2015-01-10,EV,ORD,IAD,18:00,0.5808923849274327,0,none,21.0,336.0,0.0,0.0,0.0,34.2,51,0.5639654848996436
2015-01-11_UA1493,2015-01-11,UA,ORD,DCA,18:02,0.580740866111449,1,none,11.0,,0.0,0.07,0.0,17.3,65,0.8659726130181955
2015-01-11_MQ3655,2015-01-11,MQ,ORD,SYR,09:40,0.5806460153982951,1,carrier,28.0,,0.0,0.0,0.0,24.5,58,0.7106546614143688
2015-01-11_EV4737,2015-01-11,EV,ORD,CLE,17:15,0.5804409372241237,1,late_aircraft,53.0,,0.0,0.0,0.0,19.4,52,0.6072969424123054
2015-01-11_UA549,2015-01-11,UA,ORD,SMF,15:29,0.5804051335497692,1,none,60.0,,0.0,0.0,0.0,22.0,54,0.6468767585818795
2015-01-11_UA884,2015-01-11,UA,ORD,EWR,18:08,0.5803091973289524,1,weather,6.0,271.0,0.0,0.07,0.0,17.3,65,0.8659726130181955
2015-01-11_MQ3220,2015-01-11,MQ,ORD,BWI,09:15,0.5798595536071144,0,none,30.0,,0.0,0.0,0.0,24.5,58,0.7106546614143688
2015-01-10_MQ3423,2015-01-10,MQ,ORD,ALO,13:35,0.579474937829587,1,carrier,0.0,196.0,0.0,0.0,0.0,39.2,63,0.8181391858938285
2015-01-11_MQ3114,2015-01-11,MQ,ORD,DTW,11:45,0.5792177017286466,0,none,0.0,50.0,0.0,0.0,0.0,24.5,38,0.17792159069592947
2015-01-11_UA1290,2015-01-11,UA,ORD,IAH,15:41,0.5784061944840244,1,carrier,16.0,55.0,0.0,0.0,0.0,22.0,54,0.6468767585818795
2015-01-11_UA1018,2015-01-11,UA,ORD,LGA,11:00,0.5781013859590668,0,none,57.0,,0.0,0.0,0.0,24.5,38,0.17792159069592947
2015-01-11_MQ3048,2015-01-11,MQ,ORD,CMI,17:00,0.5772126801820854,1,nas,0.0,24.0,0.0,0.0,0.0,19.4,52,0.6072969424123054
2015-01-11_MQ2999,2015-01-11,MQ,ORD,CVG,11:20,0.5771667305074146,0,none,0.0,127.0,0.0,0.0,0.0,24.5,38,0.17792159069592947
2015-01-11_UA420,2015-01-11,UA,ORD,ROC,18:40,0.576351433505426,1,weather,2.0,,0.0,0.07,0.0,17.3,65,0.8659726130181955
2015-01-11_MQ3675,2015-01-11,MQ,ORD,MEM,17:25,0.5762031770694303,1,weather,0.0,110.0,0.0,0.0,0.0,19.4,52,0.6072969424123054
2015-01-11_MQ3356,2015-01-11,MQ,ORD,MEM,12:35,0.5755325005592977,0,none,4.0,85.0,0.0,0.0,0.0,25.6,44,0.30547739636090787
2015-01-10_F91063,2015-01-10,F9,ORD,SLC,15:40,0.5752036309483407,1,carrier,39.0,,0.0,0.0,0.0,35.3,42,0.2893453385856312
2015-01-11_UA692,2015-01-11,UA,ORD,LGA,18:00,0.5749313080438073,1,none,-16.0,,0.0,0.07,0.0,17.3,65,0.8659726130181955
2015-01-11_MQ3020,2015-01-11,MQ,ORD,CLE,13:23,0.5747029093173873,0,none,0.0,107.0,0.0,0.0,0.0,26.6,70,0.916619771149878
2015-01-10_UA574,2015-01-10,UA,ORD,RIC,19:35,0.5746860595329694,1,none,16.0,416.0,0.0,0.0,0.0,34.6,38,0.17792159069592947
2015-01-10_AA93,2015-01-10,AA,ORD,SAN,17:20,0.5744266162131473,1,weather,119.0,,0.0,0.0,0.0,32.4,24,0.03442130932282874
2015-01-11_MQ3227,2015-01-11,MQ,ORD,SGF,14:50,0.5740009635099038,0,none,13.0,80.0,0.0,0.0,0.0,25.9,34,0.10307634590133183
2015-01-10_EV4555,2015-01-10,EV,ORD,SAV,16:15,0.5733294629514013,0,none,31.0,,0.0,0.0,0.0,34.6,45,0.31804539486025135
2015-01-11_MQ3058,2015-01-11,MQ,ORD,BWI,11:35,0.5733150467361033,0,none,0.0,,0.0,0.0,0.0,24.5,38,0.17792159069592947
2015-01-10_AA2284,2015-01-10,AA,ORD,DCA,20:10,0.5732112854366855,1,none,27.0,,0.0,0.0,0.0,34.6,30,0.06706058900769087
2015-01-10_AA41,2015-01-10,AA,ORD,SEA,20:50,0.5730354034792655,1,weather,25.0,277.0,0.0,0.0,0.0,34.6,30,0.06706058900769087
2015-01-11_UA1137,2015-01-11,UA,ORD,MCO,11:09,0.5728931398318763,1,carrier,225.0,,40.0,0.0,0.0,24.5,38,0.17792159069592947
2015-01-10_UA211,2015-01-10,UA,ORD,IAD,13:10,0.5725381374660204,0,none,230.0,,45.0,0.0,0.0,39.2,63,0.8181391858938285
2015-01-10_UA614,2015-01-10,UA,ORD,IAH,13:58,0.5724999848566628,0,none,92.0,,0.0,0.0,0.0,39.2,63,0.8181391858938285
2015-01-11_NK630,2015-01-11,NK,ORD,LGA,17:59,0.5721788691107813,1,carrier,43.0,50.0,0.0,0.0,0.0,19.4,52,0.6072969424123054
2015-01-10_UA578,2015-01-10,UA,ORD,BOS,13:15,0.5721122109761801,0,none,311.0,,126.0,0.0,0.0,39.2,63,0.8181391858938285
2015-01-11_MQ3158,2015-01-11,MQ,ORD,SGF,09:25,0.5720939568238702,0,none,21.0,,0.0,0.0,0.0,24.5,58,0.7106546614143688
2015-01-11_MQ3456,2015-01-11,MQ,ORD,DSM,11:10,0.5719403298113183,0,none,0.0,,0.0,0.0,0.0,24.5,38,0.17792159069592947
2015-01-10_MQ2970,2015-01-10,MQ,ORD,FAR,17:00,0.5718076320567845,0,none,2.0,188.0,0.0,0.0,0.0,32.4,24,0.03442130932282874
2015-01-11_OO5201,2015-01-11,OO,ORD,STL,12:31,0.5716440171471069,1,late_aircraft,188.0,,3.0,0.0,0.0,25.6,44,0.30547739636090787
2015-01-11_MQ3101,2015-01-11,MQ,ORD,OKC,12:45,0.5715837223076274,0,none,3.0,111.0,0.0,0.0,0.0,25.6,44,0.30547739636090787
2015-01-11_MQ2941,2015-01-11,MQ,ORD,DAY,13:05,0.5713361100207303,1,carrier,0.0,,0.0,0.0,0.0,26.6,70,0.916619771149878
2015-01-11_EV3944,2015-01-11,EV,ORD,GSP,13:20,0.5711151559305742,0,none,129.0,190.0,0.0,0.0,0.0,26.6,70,0.916619771149878
2015-01-11_EV4681,2015-01-11,EV,ORD,CLE,13:10,0.571078456567104,0,none,67.0,,0.0,0.0,0.0,26.6,70,0.916619771149878
2015-01-11_MQ3043,2015-01-11,MQ,ORD,FNT,11:20,0.5710041310972903,0,none,2.0,76.0,0.0,0.0,0.0,24.5,38,0.17792159069592947
2015-01-11_MQ3654,2015-01-11,MQ,ORD,HPN,12:55,0.5707064913582284,0,none,3.0,140.0,0.0,0.0,0.0,25.6,44,0.30547739636090787
2015-01-11_EV4253,2015-01-11,EV,ORD,CAE,13:15,0.5704683466533571,0,none,71.0,,0.0,0.0,0.0,26.6,70,0.916619771149878
2015-01-11_AA1612,2015-01-11,AA,ORD,BOS,15:55,0.5704543819706944,0,none,25.0,,0.0,0.0,0.0,22.0,54,0.6468767585818795
2015-01-11_EV4473,2015-01-11,EV,ORD,TVC,13:20,0.570233103834485,0,none,59.0,,0.0,0.0,0.0,26.6,70,0.916619771149878
2015-01-11_MQ3423,2015-01-11,MQ,ORD,ALO,13:35,0.5702148756088343,1,late_aircraft,0.0,,0.0,0.0,0.0,26.6,70,0.916619771149878
2015-01-11_MQ3126,2015-01-11,MQ,ORD,EVV,13:10,0.5701995649822318,1,weather,0.0,,0.0,0.0,0.0,26.6,70,0.916619771149878
2015-01-11_UA1622,2015-01-11,UA,ORD,RDU,13:13,0.5700339875640617,0,none,30.0,,0.0,0.0,0.0,26.6,70,0.916619771149878
2015-01-11_UA730,2015-01-11,UA,ORD,BWI,18:12,0.5700139692830765,0,nas,-7.0,,0.0,0.07,0.0,17.3,65,0.8659726130181955
2015-01-11_MQ3289,2015-01-11,MQ,ORD,SUX,14:40,0.5698791814888567,0,none,6.0,178.0,0.0,0.0,0.0,25.9,34,0.10307634590133183
2015-01-11_UA1440,2015-01-11,UA,ORD,PHL,18:20,0.5698439964226947,1,weather,2.0,,0.0,0.07,0.0,17.3,65,0.8659726130181955
2015-01-10_MQ3118,2015-01-10,MQ,ORD,MDT,13:50,0.5697840343917682,1,weather,-2.0,209.0,0.0,0.0,0.0,39.2,63,0.8181391858938285
2015-01-10_MQ3008,2015-01-10,MQ,ORD,IND,14:00,0.5696497945781657,1,none,49.0,224.0,0.0,0.0,0.0,36.7,23,0.027762145938848248
2015-01-11_MQ3475,2015-01-11,MQ,ORD,CID,11:35,0.5690467666135641,1,carrier,0.0,,0.0,0.0,0.0,24.5,38,0.17792159069592947
2015-01-10_MQ3048,2015-01-10,MQ,ORD,CMI,17:00,0.5690079647570568,0,none,0.0,,0.0,0.0,0.0,32.4,24,0.03442130932282874
2015-01-11_MQ3601,2015-01-11,MQ,ORD,TVC,14:20,0.5686863301052854,1,carrier,0.0,,0.0,0.0,0.0,25.9,34,0.10307634590133183
2015-01-11_EV5941,2015-01-11,EV,ORD,AVP,13:25,0.5686809447845507,1,carrier,70.0,,0.0,0.0,0.0,26.6,70,0.916619771149878
2015-01-11_OO6471,2015-01-11,OO,ORD,DFW,12:44,0.5684740813658606,0,none,194.0,,9.0,0.0,0.0,25.6,44,0.30547739636090787
2015-01-11_UA1091,2015-01-11,UA,ORD,IAD,18:14,0.5681471881409086,1,weather,-4.0,,0.0,0.07,0.0,17.3,65,0.8659726130181955
2015-01-11_EV6131,2015-01-11,EV,ORD,CLT,18:03,0.5679384736884675,0,nas,19.0,,0.0,0.07,0.0,17.3,65,0.8659726130181955
2015-01-11_MQ3470,2015-01-11,MQ,ORD,CMH,12:15,0.567539903843967,0,none,0.0,,0.0,0.0,0.0,25.6,44,0.30547739636090787
2015-01-10_UA1030,2015-01-10,UA,ORD,LAX,18:10,0.5674909343336687,1,late_aircraft,13.0,,0.0,0.0,0.0,34.2,51,0.5639654848996436
2015-01-10_F91064,2015-01-10,F9,ORD,MCO,17:10,0.5672630789506738,0,none,133.0,,0.0,0.0,0.0,32.4,24,0.03442130932282874
2015-01-11_MQ3004,2015-01-11,MQ,ORD,MSN,11:50,0.5670413658512079,0,none,4.0,,0.0,0.0,0.0,24.5,38,0.17792159069592947
2015-01-11_MQ2951,2015-01-11,MQ,ORD,DSM,17:45,0.5667971634940825,1,nas,-1.0,211.0,0.0,0.0,0.0,19.4,52,0.6072969424123054
2015-01-10_UA1242,2015-01-10,UA,ORD,SEA,18:10,0.5666325358544858,1,weather,-2.0,50.0,0.0,0.0,0.0,34.2,51,0.5639654848996436
2015-01-11_F91067,2015-01-11,F9,ORD,DEN,13:55,0.5662726686652828,1,late_aircraft,139.0,235.0,0.0,0.0,0.0,26.6,70,0.916619771149878
2015-01-11_AA2346,2015-01-11,AA,ORD,DCA,22:05,0.5661709727082882,1,weather,56.0,338.0,0.0,0.07,0.1,15.8,7,0.004220596510973551
2015-01-10_MQ3226,2015-01-10,MQ,ORD,TYS,20:40,0.5659559196667887,1,late_aircraft,-12.0,,0.0,0.0,0.0,34.6,30,0.06706058900769087
2015-01-11_MQ3690,2015-01-11,MQ,ORD,MLI,14:50,0.5659267179199632,1,late_aircraft,0.0,367.0,0.0,0.0,0.0,25.9,34,0.10307634590133183
2015-01-10_MQ3160,2015-01-10,MQ,ORD,CMH,17:15,0.5659122434661502,1,late_aircraft,2.0,181.0,0.0,0.0,0.0,32.4,24,0.03442130932282874
2015-01-11_MQ3321,2015-01-11,MQ,ORD,CWA,13:45,0.5655850223585565,0,none,9.0,133.0,0.0,0.0,0.0,26.6,70,0.916619771149878
2015-01-11_MQ3160,2015-01-11,MQ,ORD,CMH,17:25,0.565348120774544,0,nas,-2.0,189.0,0.0,0.0,0.0,19.4,52,0.6072969424123054
2015-01-11_MQ3206,2015-01-11,MQ,ORD,GRR,09:25,0.5653317194161501,0,none,19.0,,0.0,0.0,0.0,24.5,58,0.7106546614143688
2015-01-11_B61106,2015-01-11,B6,ORD,JFK,18:40,0.5648365146280511,0,nas,0.0,,0.0,0.07,0.0,17.3,65,0.8659726130181955
2015-01-11_DL1677,2015-01-11,DL,ORD,ATL,15:30,0.5645022185555097,0,none,751.0,,566.0,0.0,0.0,22.0,54,0.6468767585818795
2015-01-11_MQ3172,2015-01-11,MQ,ORD,CID,13:45,0.5642034306106253,0,nas,0.0,165.0,0.0,0.0,0.0,26.6,70,0.916619771149878
2015-01-11_OO5161,2015-01-11,OO,ORD,SAT,12:04,0.5641970720385331,0,nas,186.0,,1.0,0.0,0.0,25.6,44,0.30547739636090787
2015-01-11_EV6123,2015-01-11,EV,ORD,SYR,13:17,0.563996507159144,1,none,40.0,,0.0,0.0,0.0,26.6,70,0.916619771149878
2015-01-11_NK847,2015-01-11,NK,ORD,DEN,11:07,0.5639209204840253,0,none,63.0,,0.0,0.0,0.0,24.5,38,0.17792159069592947
2015-01-11_EV4715,2015-01-11,EV,ORD,BNA,16:25,0.5637938849706116,0,none,23.0,,0.0,0.0,0.0,20.9,51,0.5639654848996436
2015-01-11_MQ3094,2015-01-11,MQ,ORD,ELP,10:15,0.5636286702371404,1,late_aircraft,15.0,,0.0,0.0,0.0,23.8,39,0.21403113862314763
2015-01-11_AA352,2015-01-11,AA,ORD,LGA,18:45,0.5634915330528926,1,weather,14.0,,0.0,0.07,0.0,17.3,65,0.8659726130181955
2015-01-11_OO6219,2015-01-11,OO,DEN,COS,18:55,0.5632799387661444,1,late_aircraft,104.0,181.0,0.0,0.0,0.0,5.8,44,0.539187790998448
2015-01-11_EV3963,2015-01-11,EV,ORD,TYS,16:25,0.5632582479420813,1,carrier,25.0,140.0,0.0,0.0,0.0,20.9,51,0.5639654848996436
2015-01-11_MQ3334,2015-01-11,MQ,ORD,PIA,12:20,0.5632148542409248,0,none,0.0,,0.0,0.0,0.0,25.6,44,0.30547739636090787
2015-01-10_UA1530,2015-01-10,UA,ORD,EWR,13:11,0.5629677963051377,1,carrier,44.0,,0.0,0.0,0.0,39.2,63,0.8181391858938285
2015-01-10_MQ3675,2015-01-10,MQ,ORD,MEM,17:25,0.5629511972248014,0,nas,-7.0,189.0,0.0,0.0,0.0,32.4,24,0.03442130932282874
2015-01-11_UA320,2015-01-11,UA,ORD,CMH,18:00,0.5628600001139695,1,weather,-12.0,166.0,0.0,0.07,0.0,17.3,65,0.8659726130181955
2015-01-11_MQ3127,2015-01-11,MQ,ORD,LIT,12:10,0.5624937920948543,0,none,-7.0,152.0,0.0,0.0,0.0,25.6,44,0.30547739636090787
2015-01-11_MQ3244,2015-01-11,MQ,ORD,GRB,17:00,0.5623205760484346,1,late_aircraft,1.0,132.0,0.0,0.0,0.0,19.4,52,0.6072969424123054
2015-01-11_MQ3132,2015-01-11,MQ,ORD,DTW,12:40,0.5622194061104442,0,none,8.0,205.0,0.0,0.0,0.0,25.6,44,0.30547739636090787
2015-01-11_MQ3155,2015-01-11,MQ,ORD,CMI,13:10,0.5620199443375489,0,none,-7.0,101.0,0.0,0.0,0.0,26.6,70,0.916619771149878
2015-01-11_AA1559,2015-01-11,AA,ORD,MIA,18:55,0.5617026141507033,0,nas,0.0,,0.0,0.07,0.0,17.3,65,0.8659726130181955
2015-01-11_UA1106,2015-01-11,UA,ORD,PHX,12:07,0.561656574695417,0,none,34.0,,0.0,0.0,0.0,25.6,44,0.30547739636090787
2015-01-10_UA664,2015-01-10,UA,ORD,PHL,13:20,0.5613299873577645,0,none,49.0,,0.0,0.0,0.0,39.2,63,0.8181391858938285
2015-01-11_MQ3045,2015-01-11,MQ,ORD,TUL,11:55,0.5606776853922595,0,none,-13.0,117.0,0.0,0.0,0.0,24.5,38,0.17792159069592947
2015-01-11_MQ3325,2015-01-11,MQ,ORD,GRR,12:45,0.5604530651131102,0,none,-11.0,104.0,0.0,0.0,0.0,25.6,44,0.30547739636090787
2015-01-11_MQ2942,2015-01-11,MQ,ORD,DAY,22:20,0.5602825641895779,1,nas,-11.0,324.0,0.0,0.07,0.1,15.8,7,0.004220596510973551
2015-01-11_MQ3203,2015-01-11,MQ,ORD,CLE,17:15,0.5601312571405729,1,nas,-8.0,282.0,0.0,0.0,0.0,19.4,52,0.6072969424123054
2015-01-11_OO5531,2015-01-11,OO,DEN,GTF,18:55,0.5592209457418196,1,none,31.0,133.0,0.0,0.0,0.0,5.8,44,0.539187790998448
2015-01-11_MQ3339,2015-01-11,MQ,ORD,SYR,13:25,0.5592025969585914,0,none,-5.0,192.0,0.0,0.0,0.0,26.6,70,0.916619771149878
2015-01-11_UA336,2015-01-11,UA,ORD,PIT,18:55,0.5585892503558718,1,weather,-18.0,314.0,0.0,0.07,0.0,17.3,65,0.8659726130181955
2015-01-11_AA1426,2015-01-11,AA,ORD,BOS,18:35,0.5584278861148041,1,weather,-8.0,224.0,0.0,0.07,0.0,17.3,65,0.8659726130181955
2015-01-11_EV5793,2015-01-11,EV,ORD,JAN,12:25,0.5583942730575158,0,none,72.0,,0.0,0.0,0.0,25.6,44,0.30547739636090787
2015-01-10_UA1085,2015-01-10,UA,ORD,SAN,18:00,0.5572437778670982,0,none,3.0,262.0,0.0,0.0,0.0,34.2,51,0.5639654848996436
2015-01-11_UA365,2015-01-11,UA,ORD,DTW,18:15,0.5570875221871688,1,late_aircraft,-18.0,,0.0,0.07,0.0,17.3,65,0.8659726130181955
2015-01-11_EV6127,2015-01-11,EV,ORD,BNA,11:24,0.5569052443787094,0,none,48.0,,0.0,0.0,0.0,24.5,38,0.17792159069592947
2015-01-11_EV4716,2015-01-11,EV,ORD,CLE,18:15,0.5561551126089359,0,nas,12.0,125.0,0.0,0.07,0.0,17.3,65,0.8659726130181955
2015-01-10_UA1731,2015-01-10,UA,ORD,DEN,18:15,0.5560905544326219,1,none,-1.0,,0.0,0.0,0.0,34.2,51,0.5639654848996436
2015-01-11_EV6026,2015-01-11,EV,ORD,SCE,18:30,0.5560587305784036,0,nas,6.0,117.0,0.0,0.07,0.0,17.3,65,0.8659726130181955
2015-01-11_EV3949,2015-01-11,EV,ORD,GRR,14:10,0.5560153596445436,0,none,32.0,,0.0,0.0,0.0,25.9,34,0.10307634590133183
2015-01-11_AA2267,2015-01-11,AA,ORD,DCA,17:20,0.5557251167285919,1,weather,22.0,,0.0,0.0,0.0,19.4,52,0.6072969424123054
2015-01-11_MQ3082,2015-01-11,MQ,ORD,MSP,17:50,0.5556654341433759,1,nas,1.0,174.0,0.0,0.0,0.0,19.4,52,0.6072969424123054
2015-01-11_UA672,2015-01-11,UA,ORD,RIC,18:15,0.5556577783284743,1,carrier,-25.0,473.0,0.0,0.07,0.0,17.3,65,0.8659726130181955
2015-01-11_MQ2925,2015-01-11,MQ,ORD,MHK,11:00,0.555163996871642,0,none,-16.0,154.0,0.0,0.0,0.0,24.5,38,0.17792159069592947
2015-01-11_EV6121,2015-01-11,EV,ORD,LEX,18:47,0.5545739683606847,0,nas,0.0,,0.0,0.07,0.0,17.3,65,0.8659726130181955
2015-01-10_EV4585,2015-01-10,EV,ORD,TVC,13:20,0.5544089976156034,0,none,100.0,,0.0,0.0,0.0,39.2,63,0.8181391858938285
2015-01-11_AA2335,2015-01-11,AA,ORD,DFW,14:38,0.5540076214304961,1,carrier,185.0,,0.0,0.0,0.0,25.9,34,0.10307634590133183
2015-01-10_OO6209,2015-01-10,OO,ORD,DCA,13:15,0.5539471596285994,1,none,106.0,,0.0,0.0,0.0,39.2,63,0.8181391858938285
2015-01-11_MQ3218,2015-01-11,MQ,ORD,SGF,17:10,0.553908273896782,1,nas,-13.0,189.0,0.0,0.0,0.0,19.4,52,0.6072969424123054
2015-01-11_MQ3118,2015-01-11,MQ,ORD,MDT,13:50,0.5537937476050739,1,late_aircraft,-4.0,209.0,0.0,0.0,0.0,26.6,70,0.916619771149878
2015-01-11_MQ3546,2015-01-11,MQ,ORD,CMI,10:40,0.5536423329757819,0,none,0.0,55.0,0.0,0.0,0.0,23.8,39,0.21403113862314763
2015-01-11_AA197,2015-01-11,AA,ORD,SFO,13:55,0.5535142946975866,1,nas,154.0,,0.0,0.0,0.0,26.6,70,0.916619771149878
2015-01-10_UA1655,2015-01-10,UA,ORD,DEN,19:41,0.553476693821608,0,none,-1.0,458.0,0.0,0.0,0.0,34.6,38,0.17792159069592947
2015-01-11_OO4664,2015-01-11,OO,ORD,SLC,18:39,0.5530784616879421,0,nas,0.0,,0.0,0.07,0.0,17.3,65,0.8659726130181955
2015-01-10_OO5344,2015-01-10,OO,ORD,DLH,18:00,0.5530128906970851,0,none,15.0,121.0,0.0,0.0,0.0,34.2,51,0.5639654848996436
2015-01-11_UA1132,2015-01-11,UA,DEN,LAX,17:47,0.5527944765240562,1,late_aircraft,64.0,68.0,0.0,0.0,0.0,5.4,35,0.37558199689601657
2015-01-11_MQ3061,2015-01-11,MQ,ORD,AZO,14:15,0.5521149732609617,0,none,-6.0,196.0,0.0,0.0,0.0,25.9,34,0.10307634590133183
2015-01-10_MQ3357,2015-01-10,MQ,ORD,TUL,14:50,0.551788664337233,1,weather,25.0,180.0,0.0,0.0,0.0,36.7,23,0.027762145938848248
2015-01-10_NK630,2015-01-10,NK,ORD,LGA,17:59,0.5515645842519347,1,carrier,26.0,50.0,0.0,0.0,0.0,32.4,24,0.03442130932282874
2015-01-10_UA1151,2015-01-10,UA,ORD,BOS,19:55,0.5515267117209106,1,weather,-5.0,,0.0,0.0,0.0,34.6,38,0.17792159069592947
2015-01-11_WN955,2015-01-11,WN,DEN,IAD,18:05,0.5512699437611608,1,late_aircraft,54.0,,0.0,0.0,0.0,5.8,44,0.539187790998448
2015-01-11_EV3929,2015-01-11,EV,ORD,CVG,13:15,0.5511611512189268,1,late_aircraft,37.0,,0.0,0.0,0.0,26.6,70,0.916619771149878
2015-01-11_MQ3649,2015-01-11,MQ,ORD,DSM,14:45,0.5509103011001656,0,none,-10.0,163.0,0.0,0.0,0.0,25.9,34,0.10307634590133183
2015-01-10_EV4731,2015-01-10,EV,ORD,SBN,13:15,0.5505315158183953,0,none,139.0,,0.0,0.0,0.0,39.2,63,0.8181391858938285
2015-01-11_AA1432,2015-01-11,AA,ORD,CLT,15:17,0.5503345810227882,1,late_aircraft,31.0,,0.0,0.0,0.0,22.0,54,0.6468767585818795
2015-01-10_MQ3108,2015-01-10,MQ,ORD,MSP,22:50,0.5503218583203049,0,none,12.0,474.0,0.0,0.0,0.0,36.4,1,0.00018758206715438003
2015-01-11_AA2361,2015-01-11,AA,ORD,DCA,12:40,0.5497649861915399,1,late_aircraft,120.0,215.0,0.0,0.0,0.0,25.6,44,0.30547739636090787
2015-01-10_OO5425,2015-01-10,OO,ORD,MKE,20:30,0.5496025671792014,0,none,31.0,147.0,0.0,0.0,0.0,34.6,30,0.06706058900769087
2015-01-11_UA501,2015-01-11,UA,ORD,OMA,17:15,0.5491488332148278,1,weather,21.0,144.0,0.0,0.0,0.0,19.4,52,0.6072969424123054
2015-01-11_UA1078,2015-01-11,UA,DEN,IAH,18:04,0.5488759672231316,1,late_aircraft,36.0,310.0,0.0,0.0,0.0,5.8,44,0.539187790998448
2015-01-11_MQ3249,2015-01-11,MQ,ORD,CLE,10:15,0.548736646710761,0,none,0.0,,0.0,0.0,0.0,23.8,39,0.21403113862314763
2015-01-11_MQ3677,2015-01-11,MQ,ORD,BNA,10:30,0.5486372188893529,0,none,0.0,,0.0,0.0,0.0,23.8,39,0.21403113862314763
2015-01-11_EV3940,2015-01-11,EV,ORD,RIC,13:10,0.5483227470285799,1,late_aircraft,45.0,145.0,0.0,0.0,0.0,26.6,70,0.916619771149878
2015-01-11_AA2409,2015-01-11,AA,ORD,TPA,18:05,0.5481660481230771,1,weather,-1.0,228.0,0.0,0.07,0.0,17.3,65,0.8659726130181955
2015-01-11_MQ3417,2015-01-11,MQ,ORD,BDL,10:15,0.5481027617037738,0,none,0.0,,0.0,0.0,0.0,23.8,39,0.21403113862314763
2015-01-11_UA219,2015-01-11,UA,ORD,HNL,10:15,0.547991282519738,0,none,68.0,,0.0,0.0,0.0,23.8,39,0.21403113862314763
2015-01-11_AA87,2015-01-11,AA,ORD,RNO,18:55,0.5474229288696765,1,weather,-13.0,184.0,0.0,0.07,0.0,17.3,65,0.8659726130181955
2015-01-10_UA1072,2015-01-10,UA,ORD,FLL,13:13,0.5472901439101807,0,none,32.0,,0.0,0.0,0.0,39.2,63,0.8181391858938285
2015-01-10_NK968,2015-01-10,NK,ORD,BWI,21:04,0.5472152638172687,1,carrier,79.0,453.0,0.0,0.0,0.0,36.0,10,0.020165072219095855
2015-01-11_MQ3093,2015-01-11,MQ,ORD,TUL,09:00,0.5464897629477798,0,none,0.0,,0.0,0.0,0.0,24.5,58,0.7106546614143688
2015-01-10_UA463,2015-01-10,UA,ORD,MIA,13:15,0.5464300541956749,0,none,30.0,,0.0,0.0,0.0,39.2,63,0.8181391858938285
2015-01-11_MQ3157,2015-01-11,MQ,ORD,ABQ,10:25,0.5463947812845873,0,none,1.0,,0.0,0.0,0.0,23.8,39,0.21403113862314763
2015-01-11_EV5679,2015-01-11,EV,ORD,HPN,18:04,0.5460656450529345,1,carrier,-14.0,139.0,0.0,0.07,0.0,17.3,65,0.8659726130181955
2015-01-11_MQ3138,2015-01-11,MQ,ORD,DTW,09:20,0.5460266555494159,0,none,0.0,,0.0,0.0,0.0,24.5,58,0.7106546614143688
2015-01-11_MQ3075,2015-01-11,MQ,ORD,GRB,10:30,0.5453670825052259,0,none,0.0,,0.0,0.0,0.0,23.8,39,0.21403113862314763
2015-01-11_MQ3613,2015-01-11,MQ,ORD,ATL,10:00,0.5453546458448723,0,none,8.0,,0.0,0.0,0.0,23.8,39,0.21403113862314763
2015-01-11_MQ3256,2015-01-11,MQ,ORD,FAR,09:55,0.545032555024077,0,none,0.0,,0.0,0.0,0.0,24.5,58,0.7106546614143688
2015-01-11_UA659,2015-01-11,UA,DEN,SMF,19:04,0.5448954766717781,0,none,134.0,,0.0,0.0,0.0,6.1,61,0.9094671495085359
2015-01-11_MQ3489,2015-01-11,MQ,ORD,FSD,09:25,0.544657610979004,1,none,0.0,,0.0,0.0,0.0,24.5,58,0.7106546614143688
2015-01-11_UA1436,2015-01-11,UA,ORD,DEN,15:00,0.544614324554279,1,carrier,13.0,69.0,0.0,0.0,0.0,22.0,54,0.6468767585818795
2015-01-11_OO6299,2015-01-11,OO,DEN,BFL,18:52,0.5442679223672948,0,none,53.0,368.0,0.0,0.0,0.0,5.8,44,0.539187790998448
2015-01-10_UA1053,2015-01-10,UA,ORD,MIA,16:00,0.5440643289936795,0,none,6.0,,0.0,0.0,0.0,34.6,45,0.31804539486025135
2015-01-11_AA1687,2015-01-11,AA,ORD,FLL,17:20,0.5437132654511057,1,late_aircraft,41.0,,0.0,0.0,0.0,19.4,52,0.6072969424123054
2015-01-11_AA1142,2015-01-11,AA,ORD,CLT,18:00,0.5436861227927474,1,weather,11.0,239.0,0.0,0.07,0.0,17.3,65,0.8659726130181955
2015-01-10_UA1582,2015-01-10,UA,ORD,EWR,16:02,0.5436150368281215,1,carrier,0.0,,0.0,0.0,0.0,34.6,45,0.31804539486025135
2015-01-11_AA55,2015-01-11,AA,ORD,LAS,18:45,0.5434917771246727,0,weather,-11.0,465.0,0.0,0.07,0.0,17.3,65,0.8659726130181955
2015-01-10_UA1211,2015-01-10,UA,ORD,LGA,16:04,0.5430755258269206,1,weather,-3.0,,0.0,0.0,0.0,34.6,45,0.31804539486025135
2015-01-11_OO6277,2015-01-11,OO,ORD,BHM,18:57,0.5425475856058403,1,nas,-12.0,166.0,0.0,0.07,0.0,17.3,65,0.8659726130181955
2015-01-10_UA1265,2015-01-10,UA,ORD,MCO,19:46,0.5424335121079119,0,none,-12.0,,0.0,0.0,0.0,34.6,38,0.17792159069592947
2015-01-11_US643,2015-01-11,US,ORD,CLT,15:59,0.5420469347532804,0,none,99.0,,0.0,0.0,0.0,22.0,54,0.6468767585818795
2015-01-11_AA2349,2015-01-11,AA,ORD,DFW,18:45,0.5419925221551333,1,nas,-13.0,310.0,0.0,0.07,0.0,17.3,65,0.8659726130181955
2015-01-10_EV4147,2015-01-10,EV,ORD,DSM,15:00,0.5418904213104114,0,none,29.0,,0.0,0.0,0.0,35.3,42,0.2893453385856312
2015-01-11_EV5917,2015-01-11,EV,ORD,GSP,18:55,0.5415995792814481,1,carrier,3.0,140.0,0.0,0.07,0.0,17.3,65,0.8659726130181955
2015-01-11_OO5329,2015-01-11,OO,ORD,AVL,18:30,0.5414075103951655,0,nas,-4.0,118.0,0.0,0.07,0.0,17.3,65,0.8659726130181955
2015-01-11_UA744,2015-01-11,UA,ORD,BOS,16:15,0.5413901961784079,0,none,1.0,,0.0,0.0,0.0,20.9,51,0.5639654848996436
2015-01-10_AA346,2015-01-10,AA,ORD,LGA,19:55,0.5412887357245598,0,none,19.0,,0.0,0.0,0.0,34.6,38,0.17792159069592947
2015-01-11_F91073,2015-01-11,F9,ORD,DEN,18:50,0.5411991343043847,0,nas,6.0,40.0,0.0,0.07,0.0,17.3,65,0.8659726130181955
2015-01-11_AA2382,2015-01-11,AA,ORD,DFW,22:20,0.5411255192304706,1,weather,32.0,310.0,0.0,0.07,0.1,15.8,7,0.004220596510973551
2015-01-10_UA565,2015-01-10,UA,ORD,LAS,18:00,0.5408254587119248,0,nas,-19.0,283.0,0.0,0.0,0.0,34.2,51,0.5639654848996436
2015-01-11_UA1123,2015-01-11,UA,DEN,SAN,19:00,0.5403890674430589,0,none,40.0,246.0,0.0,0.0,0.0,6.1,61,0.9094671495085359
2015-01-11_MQ3638,2015-01-11,MQ,ORD,COU,10:50,0.5401975148425839,1,carrier,-2.0,,0.0,0.0,0.0,23.8,39,0.21403113862314763
2015-01-11_NK903,2015-01-11,NK,ORD,DFW,18:45,0.5396311910231645,1,nas,-21.0,184.0,0.0,0.07,0.0,17.3,65,0.8659726130181955
2015-01-11_UA608,2015-01-11,UA,ORD,DCA,11:00,0.5393836029090097,0,none,17.0,,0.0,0.0,0.0,24.5,38,0.17792159069592947
2015-01-11_MQ3636,2015-01-11,MQ,ORD,IND,10:20,0.5390206687589886,0,none,-1.0,,0.0,0.0,0.0,23.8,39,0.21403113862314763
2015-01-11_MQ3481,2015-01-11,MQ,ORD,FWA,08:35,0.5389763034998297,1,none,155.0,,0.0,0.0,0.0,25.6,50,0.49305946351528795
2015-01-11_AA1679,2015-01-11,AA,ORD,TPA,12:55,0.5385975943314485,1,late_aircraft,39.0,,0.0,0.0,0.0,25.6,44,0.30547739636090787
2015-01-11_F9783,2015-01-11,F9,DEN,LAS,18:35,0.5384178212664311,0,none,140.0,180.0,0.0,0.0,0.0,5.8,44,0.539187790998448
2015-01-10_UA1715,2015-01-10,UA,ORD,PIT,19:35,0.5383760613237634,1,carrier,-3.0,226.0,0.0,0.0,0.0,34.6,38,0.17792159069592947
2015-01-11_EV5982,2015-01-11,EV,ORD,SGF,15:40,0.5381876969496894,0,none,18.0,147.0,0.0,0.0,0.0,22.0,54,0.6468767585818795
2015-01-10_AA1331,2015-01-10,AA,ORD,STL,20:20,0.5381791394739512,1,none,22.0,228.0,0.0,0.0,0.0,34.6,30,0.06706058900769087
2015-01-11_WN4182,2015-01-11,WN,DEN,FLL,18:00,0.5381398345041549,1,late_aircraft,25.0,,0.0,0.0,0.0,5.8,44,0.539187790998448
2015-01-11_UA1703,2015-01-11,UA,ORD,LAX,13:58,0.536794026847103,0,none,15.0,,0.0,0.0,0.0,26.6,70,0.916619771149878
2015-01-10_EV3944,2015-01-10,EV,ORD,GSP,13:20,0.5362521818956223,0,none,46.0,,0.0,0.0,0.0,39.2,63,0.8181391858938285
2015-01-11_OO5424,2015-01-11,OO,DEN,HYS,18:25,0.5361986552412128,0,none,76.0,249.0,0.0,0.0,0.0,5.8,44,0.539187790998448
2015-01-11_OO5431,2015-01-11,OO,ORD,MKE,10:18,0.5360566176736838,0,none,80.0,,0.0,0.0,0.0,23.8,39,0.21403113862314763
2015-01-11_NK223,2015-01-11,NK,ORD,RSW,17:21,0.5359698056892372,0,nas,29.0,,0.0,0.0,0.0,19.4,52,0.6072969424123054
2015-01-11_OO5514,2015-01-11,OO,DEN,TUL,14:19,0.5359289917267698,1,carrier,42.0,73.0,0.0,0.07,0.0,5.0,27,0.28854112778065183
2015-01-11_OO5568,2015-01-11,OO,DEN,TUS,21:56,0.535566043539865,1,late_aircraft,94.0,114.0,0.0,0.07,0.0,9.7,26,0.23706673564407657
2015-01-11_AA1427,2015-01-11,AA,ORD,TUL,18:00,0.535304685873008,1,none,-3.0,354.0,0.0,0.07,0.0,17.3,65,0.8659726130181955
2015-01-11_OO5619,2015-01-11,OO,DEN,HLN,19:52,0.5351594511987054,1,late_aircraft,31.0,176.0,0.0,0.0,0.0,6.1,61,0.9094671495085359
2015-01-10_AA1687,2015-01-10,AA,ORD,FLL,17:20,0.5348760774723226,1,weather,17.0,,0.0,0.0,0.0,32.4,24,0.03442130932282874
2015-01-10_OO4987,2015-01-10,OO,ORD,MSY,15:31,0.5338055958681899,1,late_aircraft,24.0,,0.0,0.0,0.0,35.3,42,0.2893453385856312
2015-01-11_AA151,2015-01-11,AA,ORD,DEN,15:55,0.5334973952088736,0,none,25.0,,0.0,0.0,0.0,22.0,54,0.6468767585818795
2015-01-10_UA1074,2015-01-10,UA,ORD,BWI,19:35,0.5325781561928666,0,none,-18.0,,0.0,0.0,0.0,34.6,38,0.17792159069592947
2015-01-11_UA1731,2015-01-11,UA,ORD,DEN,16:59,0.531840147432187,1,weather,7.0,,0.0,0.0,0.0,20.9,51,0.5639654848996436
2015-01-11_EV5990,2015-01-11,EV,ORD,LNK,12:10,0.5313524406690837,0,none,26.0,,0.0,0.0,0.0,25.6,44,0.30547739636090787
2015-01-10_AA198,2015-01-10,AA,ORD,JFK,13:00,0.5312712111316119,1,late_aircraft,69.0,,0.0,0.0,0.0,39.2,63,0.8181391858938285
2015-01-10_UA1125,2015-01-10,UA,ORD,PDX,15:15,0.5309961172824188,0,none,1.0,,0.0,0.0,0.0,35.3,42,0.2893453385856312
2015-01-10_UA1650,2015-01-10,UA,ORD,ATL,19:35,0.5308906014304412,1,weather,-18.0,267.0,0.0,0.0,0.0,34.6,38,0.17792159069592947
2015-01-10_UA278,2015-01-10,UA,ORD,MDT,19:40,0.5307475462651283,0,none,-11.0,,0.0,0.0,0.0,34.6,38,0.17792159069592947
2015-01-11_WN744,2015-01-11,WN,DEN,SAT,19:00,0.5299981227386085,0,none,56.0,,0.0,0.0,0.0,6.1,61,0.9094671495085359
2015-01-11_UA459,2015-01-11,UA,ORD,DEN,16:31,0.5298087334498442,0,nas,-4.0,,0.0,0.0,0.0,20.9,51,0.5639654848996436
2015-01-11_UA669,2015-01-11,UA,DEN,MSP,19:41,0.5295368483787208,0,none,34.0,91.0,0.0,0.0,0.0,6.1,61,0.9094671495085359
2015-01-11_OO4993,2015-01-11,OO,ORD,PIT,15:42,0.5293979409919258,0,none,16.0,168.0,0.0,0.0,0.0,22.0,54,0.6468767585818795
2015-01-11_EV6030,2015-01-11,EV,ORD,SBN,10:18,0.5293127017412168,0,none,176.0,,0.0,0.0,0.0,23.8,39,0.21403113862314763
2015-01-11_UA1101,2015-01-11,UA,DEN,LAS,19:45,0.5288925086061147,0,none,35.0,,0.0,0.0,0.0,6.1,61,0.9094671495085359
2015-01-11_UA241,2015-01-11,UA,ORD,SEA,12:00,0.528735095936161,0,none,13.0,,0.0,0.0,0.0,25.6,44,0.30547739636090787
2015-01-11_WN1020,2015-01-11,WN,DEN,OMA,19:25,0.5282026973797491,0,nas,177.0,,0.0,0.0,0.0,6.1,61,0.9094671495085359
2015-01-11_UA387,2015-01-11,UA,ORD,BDL,13:21,0.5276436571362043,0,none,28.0,,0.0,0.0,0.0,26.6,70,0.916619771149878
2015-01-11_AA1634,2015-01-11,AA,ORD,STL,18:30,0.5276138949283279,1,carrier,-14.0,379.0,0.0,0.07,0.0,17.3,65,0.8659726130181955
2015-01-11_EV4744,2015-01-11,EV,ORD,GRB,17:45,0.5275727146175988,0,nas,18.0,137.0,0.0,0.0,0.0,19.4,52,0.6072969424123054
2015-01-11_MQ2931,2015-01-11,MQ,ORD,BMI,09:40,0.5274129210457394,0,none,-22.0,,0.0,0.0,0.0,24.5,58,0.7106546614143688
2015-01-11_MQ3128,2015-01-11,MQ,ORD,CVG,08:50,0.5268985172263482,0,none,35.0,,0.0,0.0,0.0,25.6,50,0.49305946351528795
2015-01-10_UA1237,2015-01-10,UA,ORD,LGA,13:03,0.526325324339876,0,none,17.0,,0.0,0.0,0.0,39.2,63,0.8181391858938285
2015-01-10_MQ3227,2015-01-10,MQ,ORD,SGF,14:50,0.5258296435704121,1,nas,0.0,16.0,0.0,0.0,0.0,36.7,23,0.027762145938848248
2015-01-11_UA650,2015-01-11,UA,DEN,JAC,11:18,0.5251640034616663,0,none,262.0,,77.0,0.0,0.0,12.6,52,0.6835230212105535
2015-01-10_AA1263,2015-01-10,AA,ORD,MIA,13:45,0.5251193358392269,0,none,37.0,,0.0,0.0,0.0,39.2,63,0.8181391858938285
2015-01-10_OO5378,2015-01-10,OO,ORD,PAH,20:20,0.5250051864744983,0,none,20.0,,0.0,0.0,0.0,34.6,30,0.06706058900769087
2015-01-11_UA1255,2015-01-11,UA,ORD,SFO,13:05,0.5247002491913161,0,none,18.0,,0.0,0.0,0.0,26.6,70,0.916619771149878
2015-01-11_EV4750,2015-01-11,EV,ORD,MEM,12:55,0.5245367530973895,0,none,25.0,,0.0,0.0,0.0,25.6,44,0.30547739636090787
2015-01-10_UA1177,2015-01-10,UA,ORD,DEN,15:00,0.524013360537149,1,carrier,-11.0,77.0,0.0,0.0,0.0,35.3,42,0.2893453385856312
2015-01-11_OO5465,2015-01-11,OO,DEN,JMS,19:55,0.5239659223657456,1,late_aircraft,84.0,,0.0,0.0,0.0,6.1,61,0.9094671495085359
2015-01-11_VX211,2015-01-11,VX,ORD,SFO,16:20,0.5236080176566995,0,none,0.0,,0.0,0.0,0.0,20.9,51,0.5639654848996436
2015-01-10_EV4548,2015-01-10,EV,ORD,ROC,12:55,0.5235234656726063,1,none,71.0,,0.0,0.0,0.0,36.0,40,0.2473269555430501
2015-01-10_VX211,2015-01-10,VX,ORD,SFO,16:20,0.5231315813963161,0,none,0.0,,0.0,0.0,0.0,34.6,45,0.31804539486025135
2015-01-11_UA1128,2015-01-11,UA,ORD,LAX,15:06,0.5220405904763897,1,carrier,2.0,,0.0,0.0,0.0,22.0,54,0.6468767585818795
2015-01-11_DL1977,2015-01-11,DL,ORD,ATL,18:00,0.5215624159204887,1,weather,0.0,,0.0,0.07,0.0,17.3,65,0.8659726130181955
2015-01-11_UA1757,2015-01-11,UA,ORD,SNA,16:55,0.5213677612492784,0,none,-8.0,234.0,0.0,0.0,0.0,20.9,51,0.5639654848996436
2015-01-11_UA1733,2015-01-11,UA,DEN,IAD,19:51,0.5213110383676618,1,late_aircraft,20.0,,0.0,0.0,0.0,6.1,61,0.9094671495085359
2015-01-10_AS21,2015-01-10,AS,ORD,SEA,19:30,0.5208843153484708,0,nas,0.0,,0.0,0.0,0.0,34.6,38,0.17792159069592947
2015-01-11_UA1285,2015-01-11,UA,ORD,IAD,16:18,0.5207652268605144,0,none,-15.0,,0.0,0.0,0.0,20.9,51,0.5639654848996436
2015-01-11_UA493,2015-01-11,UA,ORD,SFO,17:06,0.5206262891781075,1,none,0.0,,0.0,0.0,0.0,19.4,52,0.6072969424123054
2015-01-11_MQ3395,2015-01-11,MQ,ORD,MEM,08:40,0.5204260026404758,0,none,44.0,,0.0,0.0,0.0,25.6,50,0.49305946351528795
2015-01-11_UA997,2015-01-11,UA,DEN,SLC,11:34,0.519852017186961,0,none,237.0,,52.0,0.0,0.0,12.6,52,0.6835230212105535
2015-01-11_UA371,2015-01-11,UA,ORD,SEA,17:44,0.5194670493591323,1,none,11.0,340.0,0.0,0.0,0.0,19.4,52,0.6072969424123054
2015-01-11_UA1667,2015-01-11,UA,ORD,PDX,17:06,0.5193433637650112,0,weather,-5.0,63.0,0.0,0.0,0.0,19.4,52,0.6072969424123054
2015-01-11_MQ2919,2015-01-11,MQ,ORD,CID,08:40,0.5187419284825165,0,none,26.0,,0.0,0.0,0.0,25.6,50,0.49305946351528795
2015-01-11_MQ3494,2015-01-11,MQ,ORD,SYR,08:00,0.5186139536237862,1,carrier,47.0,,0.0,0.0,0.0,25.6,50,0.49305946351528795
2015-01-11_MQ3388,2015-01-11,MQ,ORD,JAX,08:30,0.5175930254962603,0,none,57.0,,0.0,0.0,0.0,25.6,50,0.49305946351528795
2015-01-11_OO5254,2015-01-11,OO,ORD,ATL,09:10,0.5166969997513825,0,none,88.0,,0.0,0.0,0.0,24.5,58,0.7106546614143688
2015-01-11_EV3945,2015-01-11,EV,ORD,SDF,16:42,0.5165299579394418,1,none,12.0,72.0,0.0,0.0,0.0,20.9,51,0.5639654848996436
2015-01-11_OO6533,2015-01-11,OO,ORD,DCA,09:00,0.5165273362039702,0,none,88.0,,0.0,0.0,0.0,24.5,58,0.7106546614143688
2015-01-10_NK659,2015-01-10,NK,ORD,MCI,14:11,0.5146194799783722,1,late_aircraft,70.0,212.0,0.0,0.0,0.0,36.7,23,0.027762145938848248
2015-01-10_AS675,2015-01-10,AS,ORD,PDX,17:30,0.5142141926987153,0,none,18.0,,0.0,0.0,0.0,32.4,24,0.03442130932282874
2015-01-11_UA795,2015-01-11,UA,DEN,IAD,12:45,0.5140013276544386,0,none,66.0,,0.0,0.0,0.0,7.6,45,0.5565183652353854
2015-01-11_EV5925,2015-01-11,EV,ORD,FSD,09:50,0.5133223974218313,0,none,294.0,,109.0,0.0,0.0,24.5,58,0.7106546614143688
2015-01-11_UA1559,2015-01-11,UA,DEN,MCO,12:40,0.5133187387732665,0,none,157.0,,0.0,0.0,0.0,7.6,45,0.5565183652353854
2015-01-11_UA1608,2015-01-11,UA,ORD,PHX,16:55,0.5132469590615348,1,late_aircraft,-13.0,217.0,0.0,0.0,0.0,20.9,51,0.5639654848996436
2015-01-11_AA155,2015-01-11,AA,ORD,LAX,14:13,0.5128413658062703,0,none,24.0,,0.0,0.0,0.0,25.9,34,0.10307634590133183
2015-01-11_EV5978,2015-01-11,EV,ORD,IND,09:16,0.5127583506874517,0,none,66.0,,0.0,0.0,0.0,24.5,58,0.7106546614143688
2015-01-11_EV6155,2015-01-11,EV,DEN,ISN,19:40,0.5127027645901999,1,nas,52.0,209.0,0.0,0.0,0.0,6.1,61,0.9094671495085359
2015-01-10_OO5395,2015-01-10,OO,ORD,STC,18:00,0.512701929943144,1,late_aircraft,-1.0,155.0,0.0,0.0,0.0,34.2,51,0.5639654848996436
2015-01-11_UA711,2015-01-11,UA,ORD,LAS,15:21,0.5126680706913924,0,none,0.0,,0.0,0.0,0.0,22.0,54,0.6468767585818795
2015-01-11_EV5997,2015-01-11,EV,DEN,MOT,19:45,0.5125806380707802,0,carrier,29.0,196.0,0.0,0.0,0.0,6.1,61,0.9094671495085359
2015-01-10_OO5495,2015-01-10,OO,ORD,SAT,18:00,0.5123614546050087,0,nas,2.0,371.0,0.0,0.0,0.0,34.2,51,0.5639654848996436
2015-01-11_NK893,2015-01-11,NK,ORD,DFW,09:15,0.5118746502056414,0,none,94.0,,0.0,0.0,0.0,24.5,58,0.7106546614143688
2015-01-11_AA322,2015-01-11,AA,ORD,DCA,11:35,0.5116827782835227,1,carrier,23.0,,0.0,0.0,0.0,24.5,38,0.17792159069592947
2015-01-10_OO5325,2015-01-10,OO,ORD,DLH,13:35,0.5116538602833135,0,none,17.0,95.0,0.0,0.0,0.0,39.2,63,0.8181391858938285
2015-01-11_UA446,2015-01-11,UA,ORD,MCI,15:34,0.511622246521775,1,carrier,0.0,,0.0,0.0,0.0,22.0,54,0.6468767585818795
2015-01-10_AA1037,2015-01-10,AA,ORD,SJC,16:35,0.5101162494960305,1,weather,4.0,62.0,0.0,0.0,0.0,34.6,45,0.31804539486025135
2015-01-11_OO6250,2015-01-11,OO,DEN,PSP,21:56,0.5100469337060616,1,late_aircraft,57.0,181.0,0.0,0.07,0.0,9.7,26,0.23706673564407657
2015-01-10_UA771,2015-01-10,UA,ORD,DFW,15:00,0.510028100470936,0,none,-9.0,,0.0,0.0,0.0,35.3,42,0.2893453385856312
2015-01-10_MQ3601,2015-01-10,MQ,ORD,TVC,14:20,0.5099812729337417,1,carrier,-2.0,102.0,0.0,0.0,0.0,36.7,23,0.027762145938848248
2015-01-11_B6312,2015-01-11,B6,ORD,BOS,13:53,0.5099465437401156,0,none,25.0,,0.0,0.0,0.0,26.6,70,0.916619771149878
2015-01-10_EV6117,2015-01-10,EV,ORD,FAR,18:10,0.5099393474505192,1,carrier,3.0,161.0,0.0,0.0,0.0,34.2,51,0.5639654848996436
2015-01-10_OO6277,2015-01-10,OO,ORD,DCA,19:35,0.5096927492303703,1,weather,0.0,,0.0,0.0,0.0,34.6,38,0.17792159069592947
2015-01-10_EV6011,2015-01-10,EV,ORD,CLE,18:00,0.5084171971982315,0,none,8.0,134.0,0.0,0.0,0.0,34.2,51,0.5639654848996436
2015-01-10_AA1426,2015-01-10,AA,ORD,BOS,18:35,0.5083444791352475,1,weather,0.0,,0.0,0.0,0.0,34.2,51,0.5639654848996436
2015-01-11_OO5641,2015-01-11,OO,DEN,COS,20:00,0.5082595722879936,1,late_aircraft,242.0,197.0,45.0,0.0,0.0,6.8,14,0.06660631143300569
2015-01-10_UA501,2015-01-10,UA,ORD,OMA,15:31,0.5081642104793267,0,none,-15.0,,0.0,0.0,0.0,35.3,42,0.2893453385856312
2015-01-11_EV3958,2015-01-11,EV,ORD,MEM,16:03,0.507941432185938,0,none,2.0,91.0,0.0,0.0,0.0,20.9,51,0.5639654848996436
2015-01-11_UA675,2015-01-11,UA,DEN,GEG,11:11,0.5079096627959877,0,none,162.0,,0.0,0.0,0.0,12.6,52,0.6835230212105535
2015-01-11_UA578,2015-01-11,UA,ORD,BOS,13:15,0.5073977892829463,0,none,-3.0,116.0,0.0,0.0,0.0,26.6,70,0.916619771149878
2015-01-10_MQ3289,2015-01-10,MQ,ORD,SUX,14:50,0.5069399743105563,1,weather,-9.0,101.0,0.0,0.0,0.0,36.7,23,0.027762145938848248
2015-01-11_UA751,2015-01-11,UA,DEN,DSM,12:36,0.5067646676919108,0,none,133.0,,0.0,0.0,0.0,7.6,45,0.5565183652353854
2015-01-11_UA1658,2015-01-11,UA,DEN,ORD,11:20,0.5067200062425993,1,carrier,113.0,,0.0,0.0,0.0,12.6,52,0.6835230212105535
2015-01-11_EV3256,2015-01-11,EV,ORD,CAK,16:05,0.5065270357087992,0,none,1.0,93.0,0.0,0.0,0.0,20.9,51,0.5639654848996436
2015-01-10_UA1179,2015-01-10,UA,ORD,IAH,17:35,0.5064059081451453,1,none,5.0,,0.0,0.0,0.0,32.4,24,0.03442130932282874
2015-01-10_UA606,2015-01-10,UA,ORD,OMA,20:15,0.506399951510719,1,none,-1.0,303.0,0.0,0.0,0.0,34.6,30,0.06706058900769087
2015-01-11_UA1037,2015-01-11,UA,ORD,LGA,15:00,0.5061675856173745,0,none,-12.0,310.0,0.0,0.0,0.0,22.0,54,0.6468767585818795
2015-01-10_AA55,2015-01-10,AA,ORD,LAS,18:45,0.5058278108666668,1,weather,0.0,,0.0,0.0,0.0,34.2,51,0.5639654848996436
2015-01-11_AA241,2015-01-11,AA,ORD,SFO,16:10,0.5056411598926445,0,none,-2.0,,0.0,0.0,0.0,20.9,51,0.5639654848996436
2015-01-11_WN335,2015-01-11,WN,DEN,MCO,18:00,0.5052133317090439,1,late_aircraft,25.0,,0.0,0.0,0.0,5.8,44,0.539187790998448
2015-01-10_EV3925,2015-01-10,EV,ORD,LAN,16:00,0.5049608860057415,0,none,1.0,88.0,0.0,0.0,0.0,34.6,45,0.31804539486025135
2015-01-10_NK763,2015-01-10,NK,ORD,MSP,19:52,0.5049488081524843,0,none,3.0,,0.0,0.0,0.0,34.6,38,0.17792159069592947
2015-01-11_EV3936,2015-01-11,EV,ORD,ATW,16:50,0.5049157201024882,1,none,2.0,81.0,0.0,0.0,0.0,20.9,51,0.5639654848996436
2015-01-10_EV5673,2015-01-10,EV,ORD,LNK,18:00,0.5046708138618469,1,carrier,-1.0,,0.0,0.0,0.0,34.2,51,0.5639654848996436
2015-01-11_AA1693,2015-01-11,AA,ORD,MCO,10:50,0.5044525297443688,0,none,63.0,,0.0,0.0,0.0,23.8,39,0.21403113862314763
2015-01-11_F9608,2015-01-11,F9,DEN,IND,19:45,0.5043724201205508,1,late_aircraft,63.0,302.0,0.0,0.0,0.0,6.1,61,0.9094671495085359
2015-01-10_OO5339,2015-01-10,OO,ORD,SPI,16:00,0.5042812315789639,0,none,8.0,118.0,0.0,0.0,0.0,34.6,45,0.31804539486025135
2015-01-10_EV4433,2015-01-10,EV,ORD,CLE,16:10,0.5042211283070113,1,carrier,1.0,122.0,0.0,0.0,0.0,34.6,45,0.31804539486025135
2015-01-11_UA1179,2015-01-11,UA,ORD,IAH,17:35,0.5038713094946139,0,nas,-1.0,250.0,0.0,0.0,0.0,19.4,52,0.6072969424123054
2015-01-10_NK209,2015-01-10,NK,ORD,OAK,15:50,0.5038358502784934,0,none,14.0,,0.0,0.0,0.0,35.3,42,0.2893453385856312
2015-01-10_EV4715,2015-01-10,EV,ORD,BNA,16:33,0.5035119139723702,0,nas,0.0,141.0,0.0,0.0,0.0,34.6,45,0.31804539486025135
2015-01-10_OO4973,2015-01-10,OO,ORD,ATL,13:07,0.5030440424346512,0,none,96.0,,0.0,0.0,0.0,39.2,63,0.8181391858938285
2015-01-11_F9132,2015-01-11,F9,DEN,DFW,19:45,0.5028697719133104,1,late_aircraft,75.0,356.0,0.0,0.0,0.0,6.1,61,0.9094671495085359
2015-01-10_AA2409,2015-01-10,AA,ORD,TPA,18:05,0.5027204122932638,1,weather,3.0,228.0,0.0,0.0,0.0,34.2,51,0.5639654848996436
2015-01-11_US1971,2015-01-11,US,ORD,CLT,18:25,0.5026866560816026,0,nas,0.0,,0.0,0.07,0.0,17.3,65,0.8659726130181955
2015-01-10_UA1102,2015-01-10,UA,ORD,MCO,13:20,0.5026316841876036,0,none,1.0,120.0,0.0,0.0,0.0,39.2,63,0.8181391858938285
2015-01-11_UA1551,2015-01-11,UA,DEN,MSY,12:35,0.5023629970648017,0,none,27.0,,0.0,0.0,0.0,7.6,45,0.5565183652353854
2015-01-11_WN1872,2015-01-11,WN,DEN,SAN,12:05,0.5022671709790903,0,nas,52.0,,0.0,0.0,0.0,7.6,45,0.5565183652353854
2015-01-10_OO6379,2015-01-10,OO,ORD,BOS,16:15,0.5021421229103717,1,none,-20.0,95.0,0.0,0.0,0.0,34.6,45,0.31804539486025135
2015-01-10_EV6165,2015-01-10,EV,ORD,MCI,18:10,0.5020723241417081,1,late_aircraft,-4.0,144.0,0.0,0.0,0.0,34.2,51,0.5639654848996436
2015-01-10_EV4647,2015-01-10,EV,ORD,CRW,16:15,0.5019174588067639,0,none,12.0,348.0,0.0,0.0,0.0,34.6,45,0.31804539486025135
2015-01-11_AA1037,2015-01-11,AA,ORD,SJC,16:35,0.5015282151103753,0,none,2.0,62.0,0.0,0.0,0.0,20.9,51,0.5639654848996436
2015-01-10_EV3958,2015-01-10,EV,ORD,MEM,16:16,0.5015170842335197,0,none,9.0,,0.0,0.0,0.0,34.6,45,0.31804539486025135
2015-01-11_UA1030,2015-01-11,UA,ORD,LAX,17:00,0.5014920479020459,1,weather,-7.0,,0.0,0.0,0.0,19.4,52,0.6072969424123054
2015-01-10_EV5932,2015-01-10,EV,ORD,CAK,16:30,0.5013995680809272,0,none,-3.0,77.0,0.0,0.0,0.0,34.6,45,0.31804539486025135
2015-01-11_F9364,2015-01-11,F9,DEN,MKE,19:50,0.5011737127830997,1,carrier,57.0,,0.0,0.0,0.0,6.1,61,0.9094671495085359
2015-01-11_MQ3458,2015-01-11,MQ,ORD,MLI,08:20,0.5010733797555958,0,none,5.0,,0.0,0.0,0.0,25.6,50,0.49305946351528795
2015-01-11_UA220,2015-01-11,UA,ORD,LAS,17:00,0.50073660415788,1,weather,-5.0,230.0,0.0,0.0,0.0,19.4,52,0.6072969424123054
2015-01-11_AA1375,2015-01-11,AA,ORD,RSW,10:35,0.5004726623344325,0,none,34.0,,0.0,0.0,0.0,23.8,39,0.21403113862314763
2015-01-10_EV5973,2015-01-10,EV,ORD,TUL,18:10,0.5004361489714054,0,nas,1.0,128.0,0.0,0.0,0.0,34.2,51,0.5639654848996436
2015-01-11_UA291,2015-01-11,UA,DEN,EWR,12:32,0.5002737942400753,0,none,53.0,,0.0,0.0,0.0,7.6,45,0.5565183652353854
2015-01-11_OO2632,2015-01-11,OO,ORD,MKE,10:30,0.5002358955650523,0,none,29.0,,0.0,0.0,0.0,23.8,39,0.21403113862314763
2015-01-11_WN2295,2015-01-11,WN,DEN,BWI,19:25,0.5000366378961383,1,nas,26.0,,0.0,0.0,0.0,6.1,61,0.9094671495085359
2015-01-10_AA1118,2015-01-10,AA,ORD,PBI,19:05,0.49964728456499247,0,nas,0.0,,0.0,0.0,0.0,34.6,38,0.17792159069592947
2015-01-10_UA686,2015-01-10,UA,ORD,BWI,13:36,0.4995787158509532,0,none,13.0,,0.0,0.0,0.0,39.2,63,0.8181391858938285
2015-01-10_OO6247,2015-01-10,OO,ORD,SLC,18:10,0.4989500235608919,0,nas,-13.0,343.0,0.0,0.0,0.0,34.2,51,0.5639654848996436
2015-01-10_EV4353,2015-01-10,EV,ORD,CLE,13:18,0.4983850925200758,0,none,30.0,,0.0,0.0,0.0,39.2,63,0.8181391858938285
2015-01-11_OO5168,2015-01-11,OO,DEN,FSD,15:31,0.49760928956166794,1,late_aircraft,51.0,160.0,0.0,0.0,0.0,5.4,49,0.6117434040351785
2015-01-10_EV4737,2015-01-10,EV,ORD,PIA,13:10,0.4973955105962719,0,none,21.0,,0.0,0.0,0.0,39.2,63,0.8181391858938285
2015-01-11_AS675,2015-01-11,AS,ORD,PDX,17:30,0.4971829004185538,0,none,3.0,,0.0,0.0,0.0,19.4,52,0.6072969424123054
2015-01-11_UA786,2015-01-11,UA,ORD,ATL,11:21,0.4971811541377509,0,none,9.0,,0.0,0.0,0.0,24.5,38,0.17792159069592947
2015-01-10_AA1559,2015-01-10,AA,ORD,MIA,18:55,0.49680680332326704,1,weather,-10.0,210.0,0.0,0.0,0.0,34.2,51,0.5639654848996436
2015-01-11_EV6172,2015-01-11,EV,ORD,GRR,16:14,0.4964876768191375,0,none,3.0,388.0,0.0,0.0,0.0,20.9,51,0.5639654848996436
2015-01-10_EV4304,2015-01-10,EV,ORD,CLT,16:25,0.4964546002130252,0,none,2.0,82.0,0.0,0.0,0.0,34.6,45,0.31804539486025135
2015-01-10_AA149,2015-01-10,AA,ORD,JFK,19:35,0.49641657628598923,1,none,0.0,,0.0,0.0,0.0,34.6,38,0.17792159069592947
2015-01-11_EV4544,2015-01-11,EV,ORD,CLT,16:25,0.49597280232109986,1,nas,1.0,72.0,0.0,0.0,0.0,20.9,51,0.5639654848996436
2015-01-11_UA775,2015-01-11,UA,ORD,DEN,12:20,0.4957379722886627,0,none,4.0,,0.0,0.0,0.0,25.6,44,0.30547739636090787
2015-01-11_F9822,2015-01-11,F9,DEN,MCI,19:35,0.49551894222681575,1,late_aircraft,140.0,280.0,0.0,0.0,0.0,6.1,61,0.9094671495085359
2015-01-11_AS29,2015-01-11,AS,ORD,SEA,15:20,0.4954378049582415,0,none,0.0,,0.0,0.0,0.0,22.0,54,0.6468767585818795
2015-01-10_EV6087,2015-01-10,EV,ORD,ATW,18:05,0.49528501125800023,0,none,-13.0,150.0,0.0,0.0,0.0,34.2,51,0.5639654848996436
2015-01-11_OO4972,2015-01-11,OO,ORD,BHM,15:02,0.49517874524956457,0,none,6.0,117.0,0.0,0.0,0.0,22.0,54,0.6468767585818795
2015-01-10_EV4750,2015-01-10,EV,ORD,PIA,16:56,0.4951687509873107,0,none,-9.0,87.0,0.0,0.0,0.0,34.6,45,0.31804539486025135
2015-01-11_MQ2982,2015-01-11,MQ,ORD,RST,08:05,0.49491302142239135,0,none,-1.0,,0.0,0.0,0.0,25.6,50,0.49305946351528795
2015-01-10_EV4234,2015-01-10,EV,ORD,PVD,16:20,0.4948697067864752,0,none,-18.0,,0.0,0.0,0.0,34.6,45,0.31804539486025135
2015-01-10_EV3948,2015-01-10,EV,ORD,CWA,18:00,0.4946119462512053,0,none,-4.0,,0.0,0.0,0.0,34.2,51,0.5639654848996436
2015-01-11_B6112,2015-01-11,B6,ORD,BOS,17:20,0.4945533105857145,0,nas,0.0,,0.0,0.0,0.0,19.4,52,0.6072969424123054
2015-01-11_UA667,2015-01-11,UA,ORD,SFO,12:05,0.4945119806001756,1,none,-10.0,,0.0,0.0,0.0,25.6,44,0.30547739636090787
2015-01-11_WN426,2015-01-11,WN,DEN,SMF,21:10,0.49435589893243226,1,late_aircraft,52.0,,0.0,0.07,0.0,9.7,26,0.23706673564407657
2015-01-11_VX241,2015-01-11,VX,ORD,LAX,17:35,0.49430708883286634,0,nas,0.0,,0.0,0.0,0.0,19.4,52,0.6072969424123054
2015-01-10_AA2349,2015-01-10,AA,ORD,DFW,18:45,0.494248600016439,1,weather,9.0,310.0,0.0,0.0,0.0,34.2,51,0.5639654848996436
2015-01-11_EV4727,2015-01-11,EV,ORD,CMH,16:02,0.49408314285957544,0,nas,-2.0,186.0,0.0,0.0,0.0,20.9,51,0.5639654848996436
2015-01-11_OO5202,2015-01-11,OO,DEN,OKC,18:15,0.49403740666877705,1,carrier,15.0,48.0,0.0,0.0,0.0,5.8,44,0.539187790998448
2015-01-11_UA894,2015-01-11,UA,DEN,DFW,14:00,0.4939920403631551,0,none,70.0,,0.0,0.07,0.0,5.0,27,0.28854112778065183
2015-01-11_OO5449,2015-01-11,OO,DEN,RKS,12:55,0.49365378170928464,0,none,71.0,247.0,0.0,0.0,0.0,7.6,45,0.5565183652353854
2015-01-11_AA360,2015-01-11,AA,ORD,LGA,16:05,0.49354794697034965,0,none,-18.0,,0.0,0.0,0.0,20.9,51,0.5639654848996436
2015-01-11_OO6209,2015-01-11,OO,ORD,ICT,15:08,0.49338470702102033,0,none,13.0,164.0,0.0,0.0,0.0,22.0,54,0.6468767585818795
2015-01-10_OO5351,2015-01-10,OO,ORD,CMX,18:00,0.4931433727051606,1,weather,-12.0,170.0,0.0,0.0,0.0,34.2,51,0.5639654848996436
2015-01-10_OO2638,2015-01-10,OO,ORD,ICT,16:30,0.4929372695930136,1,none,0.0,312.0,0.0,0.0,0.0,34.6,45,0.31804539486025135
2015-01-10_EV6115,2015-01-10,EV,ORD,MSN,18:00,0.49268626135100074,1,nas,-3.0,,0.0,0.0,0.0,34.2,51,0.5639654848996436
2015-01-11_UA1027,2015-01-11,UA,DEN,IAD,11:15,0.4926761147793955,0,none,26.0,,0.0,0.0,0.0,12.6,52,0.6835230212105535
2015-01-11_NK209,2015-01-11,NK,ORD,OAK,15:50,0.49255620666901945,0,none,-9.0,,0.0,0.0,0.0,22.0,54,0.6468767585818795
2015-01-10_EV5948,2015-01-10,EV,ORD,FNT,16:30,0.4922787264117971,0,none,3.0,342.0,0.0,0.0,0.0,34.6,45,0.31804539486025135
2015-01-11_EV5944,2015-01-11,EV,DEN,SAF,11:45,0.4920188904847191,0,none,139.0,,0.0,0.0,0.0,12.6,52,0.6835230212105535
2015-01-11_UA341,2015-01-11,UA,ORD,EWR,12:00,0.491875898016642,0,none,0.0,,0.0,0.0,0.0,25.6,44,0.30547739636090787
2015-01-11_UA769,2015-01-11,UA,ORD,SFO,10:01,0.49150200675978517,0,none,6.0,,0.0,0.0,0.0,23.8,39,0.21403113862314763
2015-01-11_WN1718,2015-01-11,WN,DEN,PHX,12:35,0.49135400804462287,0,none,79.0,,0.0,0.0,0.0,7.6,45,0.5565183652353854
2015-01-11_F9667,2015-01-11,F9,DEN,SFO,21:25,0.491325390632786,1,late_aircraft,62.0,153.0,0.0,0.07,0.0,9.7,26,0.23706673564407657
2015-01-11_UA1508,2015-01-11,UA,ORD,MCO,13:20,0.49132462566063567,1,carrier,10.0,,0.0,0.0,0.0,26.6,70,0.916619771149878
2015-01-10_AS29,2015-01-10,AS,ORD,SEA,15:20,0.4911579417932775,0,none,0.0,,0.0,0.0,0.0,35.3,42,0.2893453385856312
2015-01-11_MQ3049,2015-01-11,MQ,ORD,IND,08:05,0.4910490029816376,0,none,-5.0,,0.0,0.0,0.0,25.6,50,0.49305946351528795
2015-01-11_MQ3269,2015-01-11,MQ,ORD,BNA,08:45,0.49098465435021915,0,none,0.0,,0.0,0.0,0.0,25.6,50,0.49305946351528795
2015-01-11_UA1020,2015-01-11,UA,ORD,IAH,11:00,0.49085525449308376,0,none,-15.0,,0.0,0.0,0.0,24.5,38,0.17792159069592947
2015-01-11_OO4996,2015-01-11,OO,ORD,MSN,15:21,0.49074456224843055,0,none,6.0,122.0,0.0,0.0,0.0,22.0,54,0.6468767585818795
2015-01-11_UA656,2015-01-11,UA,ORD,ALB,12:55,0.4906423854060914,0,none,0.0,,0.0,0.0,0.0,25.6,44,0.30547739636090787
2015-01-10_EV4745,2015-01-10,EV,ORD,IAD,19:35,0.49041777942685444,0,none,-5.0,,0.0,0.0,0.0,34.6,38,0.17792159069592947
2015-01-10_OO6459,2015-01-10,OO,ORD,CID,18:00,0.4899761519313945,1,carrier,-1.0,268.0,0.0,0.0,0.0,34.2,51,0.5639654848996436
2015-01-10_EV4560,2015-01-10,EV,ORD,CLT,19:35,0.4899511652766337,0,none,0.0,,0.0,0.0,0.0,34.6,38,0.17792159069592947
2015-01-11_UA1426,2015-01-11,UA,ORD,IAH,13:58,0.48978049149170977,1,carrier,-2.0,,0.0,0.0,0.0,26.6,70,0.916619771149878
2015-01-10_OO5353,2015-01-10,OO,ORD,AVL,16:25,0.4897126567293099,0,none,-8.0,71.0,0.0,0.0,0.0,34.6,45,0.31804539486025135
2015-01-10_EV4753,2015-01-10,EV,ORD,SGF,18:10,0.48970072852992425,1,carrier,-9.0,257.0,0.0,0.0,0.0,34.2,51,0.5639654848996436
2015-01-11_EV5974,2015-01-11,EV,DEN,MTJ,15:10,0.48961124111428445,1,late_aircraft,38.0,100.0,0.0,0.0,0.0,5.4,49,0.6117434040351785
2015-01-11_OO6262,2015-01-11,OO,DEN,PSP,11:09,0.48958747599688485,1,carrier,89.0,,0.0,0.0,0.0,12.6,52,0.6835230212105535
2015-01-11_EV4670,2015-01-11,EV,ORD,OMA,09:45,0.4895608754620031,0,none,61.0,,0.0,0.0,0.0,24.5,58,0.7106546614143688
2015-01-11_OO5526,2015-01-11,OO,ORD,ASE,15:31,0.4894963836448469,1,late_aircraft,-1.0,,0.0,0.0,0.0,22.0,54,0.6468767585818795
2015-01-11_UA1734,2015-01-11,UA,ORD,MCO,09:15,0.48944425776787986,0,none,0.0,,0.0,0.0,0.0,24.5,58,0.7106546614143688
2015-01-11_UA211,2015-01-11,UA,ORD,IAD,13:10,0.4892656624491445,0,none,-3.0,,0.0,0.0,0.0,26.6,70,0.916619771149878
2015-01-10_AA1634,2015-01-10,AA,ORD,STL,18:30,0.4892012480831147,1,weather,-3.0,,0.0,0.0,0.0,34.2,51,0.5639654848996436
2015-01-11_UA649,2015-01-11,UA,DEN,IAH,17:08,0.4891697688711814,0,nas,53.0,,0.0,0.0,0.0,5.4,35,0.37558199689601657
2015-01-11_WN406,2015-01-11,WN,DEN,GEG,21:55,0.48903015330346866,1,none,37.0,,0.0,0.07,0.0,9.7,26,0.23706673564407657
2015-01-11_UA156,2015-01-11,UA,ORD,SAN,17:00,0.4889438730561308,1,none,-12.0,239.0,0.0,0.0,0.0,19.4,52,0.6072969424123054
2015-01-10_EV3260,2015-01-10,EV,ORD,ORF,16:15,0.48893784440740706,1,none,-5.0,128.0,0.0,0.0,0.0,34.6,45,0.31804539486025135
2015-01-10_OO5409,2015-01-10,OO,ORD,MKE,16:00,0.4887026451097331,0,nas,-9.0,161.0,0.0,0.0,0.0,34.6,45,0.31804539486025135
2015-01-11_AA354,2015-01-11,AA,ORD,LGA,16:35,0.48869212277097324,0,none,-20.0,,0.0,0.0,0.0,20.9,51,0.5639654848996436
2015-01-11_NK733,2015-01-11,NK,ORD,LAX,11:03,0.4886069681240986,1,late_aircraft,0.0,,0.0,0.0,0.0,24.5,38,0.17792159069592947
2015-01-11_WN442,2015-01-11,WN,DEN,SAN,21:15,0.4884811619007046,0,none,87.0,,0.0,0.07,0.0,9.7,26,0.23706673564407657
2015-01-11_UA1609,2015-01-11,UA,ORD,LAS,11:50,0.4881854931481145,0,none,-18.0,,0.0,0.0,0.0,24.5,38,0.17792159069592947
2015-01-11_EV6102,2015-01-11,EV,DEN,IAH,22:00,0.48816526298531765,0,none,188.0,,3.0,0.07,0.0,17.6,9,0.031427832384893946
2015-01-11_WN3326,2015-01-11,WN,DEN,TUL,22:00,0.4880877701513662,0,none,279.0,,94.0,0.07,0.0,17.6,9,0.031427832384893946
2015-01-11_NK561,2015-01-11,NK,DEN,LAS,11:30,0.4880699813031142,1,nas,170.0,,0.0,0.0,0.0,12.6,52,0.6835230212105535
2015-01-10_EV3963,2015-01-10,EV,ORD,TYS,16:30,0.48797562450176546,0,none,-5.0,197.0,0.0,0.0,0.0,34.6,45,0.31804539486025135
2015-01-11_UA1058,2015-01-11,UA,ORD,LAX,12:06,0.48749818730044947,0,none,-22.0,,0.0,0.0,0.0,25.6,44,0.30547739636090787
2015-01-11_AA2259,2015-01-11,AA,ORD,MIA,09:15,0.4873161452015553,0,none,67.0,,0.0,0.0,0.0,24.5,58,0.7106546614143688
2015-01-10_AA360,2015-01-10,AA,ORD,LGA,16:05,0.48724952644847697,0,none,-14.0,,0.0,0.0,0.0,34.6,45,0.31804539486025135
2015-01-11_UA1575,2015-01-11,UA,ORD,EWR,13:00,0.4871999705426811,0,none,-7.0,,0.0,0.0,0.0,26.6,70,0.916619771149878
2015-01-10_OO5239,2015-01-10,OO,ORD,ASE,15:45,0.4870742596931332,0,nas,0.0,168.0,0.0,0.0,0.0,35.3,42,0.2893453385856312
2015-01-11_EV5998,2015-01-11,EV,ORD,LIT,16:35,0.4867981778299124,1,carrier,-16.0,178.0,0.0,0.0,0.0,20.9,51,0.5639654848996436
2015-01-11_UA328,2015-01-11,UA,DEN,HNL,11:30,0.4865030151732665,1,none,22.0,,0.0,0.0,0.0,12.6,52,0.6835230212105535
2015-01-11_EV5916,2015-01-11,EV,ORD,MOB,17:55,0.48649713621630347,1,carrier,-10.0,82.0,0.0,0.0,0.0,19.4,52,0.6072969424123054
2015-01-10_AA1617,2015-01-10,AA,ORD,LAX,19:15,0.4864302103994096,0,none,-25.0,474.0,0.0,0.0,0.0,34.6,38,0.17792159069592947
2015-01-10_NK245,2015-01-10,NK,ORD,LAS,15:40,0.486214178588207,1,late_aircraft,8.0,,0.0,0.0,0.0,35.3,42,0.2893453385856312
2015-01-11_UA505,2015-01-11,UA,ORD,MSY,17:00,0.4854842449127681,0,none,-21.0,192.0,0.0,0.0,0.0,19.4,52,0.6072969424123054
2015-01-11_WN349,2015-01-11,WN,DEN,SLC,11:25,0.48544378317104236,0,none,53.0,,0.0,0.0,0.0,12.6,52,0.6835230212105535
2015-01-11_AA344,2015-01-11,AA,DEN,MIA,17:15,0.4851912430719759,0,none,81.0,,0.0,0.0,0.0,5.4,35,0.37558199689601657
2015-01-11_B61563,2015-01-11,B6,ORD,SJU,11:09,0.4851236839817335,0,none,0.0,,0.0,0.0,0.0,24.5,38,0.17792159069592947
2015-01-11_OO2643,2015-01-11,OO,ORD,CHO,14:25,0.4851040446446075,1,carrier,0.0,41.0,0.0,0.0,0.0,25.9,34,0.10307634590133183
2015-01-11_EV4331,2015-01-11,EV,DEN,TUS,17:25,0.48495906468320565,0,nas,111.0,,0.0,0.0,0.0,5.4,35,0.37558199689601657
2015-01-11_UA1219,2015-01-11,UA,DEN,PHX,19:09,0.4848897482737544,1,carrier,21.0,236.0,0.0,0.0,0.0,6.1,61,0.9094671495085359
2015-01-11_UA374,2015-01-11,UA,ORD,ROC,13:15,0.4847073185391235,1,late_aircraft,-13.0,,0.0,0.0,0.0,26.6,70,0.916619771149878
2015-01-11_UA112,2015-01-11,UA,DEN,SFO,19:08,0.4844888277977643,1,none,15.0,355.0,0.0,0.0,0.0,6.1,61,0.9094671495085359
2015-01-11_OO4987,2015-01-11,OO,ORD,TUL,15:46,0.4840014441771523,0,none,-1.0,156.0,0.0,0.0,0.0,22.0,54,0.6468767585818795
2015-01-11_UA1171,2015-01-11,UA,DEN,SFO,22:13,0.4839890865407124,0,none,40.0,,0.0,0.07,0.0,17.6,9,0.031427832384893946
2015-01-11_EV6157,2015-01-11,EV,ORD,DTW,16:06,0.48390042934957117,0,none,-10.0,118.0,0.0,0.0,0.0,20.9,51,0.5639654848996436
2015-01-11_EV6153,2015-01-11,EV,ORD,RIC,16:23,0.4836130233698319,0,none,-23.0,138.0,0.0,0.0,0.0,20.9,51,0.5639654848996436
2015-01-11_AA99,2015-01-11,AA,ORD,PDX,16:00,0.48358880255426967,0,none,-15.0,291.0,0.0,0.0,0.0,20.9,51,0.5639654848996436
2015-01-11_MQ3230,2015-01-11,MQ,ORD,CMH,08:40,0.4835341037394906,0,none,-6.0,,0.0,0.0,0.0,25.6,50,0.49305946351528795
2015-01-11_AA350,2015-01-11,AA,ORD,LGA,17:45,0.4835117669520053,1,none,14.0,,0.0,0.0,0.0,19.4,52,0.6072969424123054
2015-01-10_OO5298,2015-01-10,OO,ORD,MKE,15:10,0.4834899690880639,0,nas,-2.0,125.0,0.0,0.0,0.0,35.3,42,0.2893453385856312
2015-01-11_OO6259,2015-01-11,OO,DEN,COS,22:08,0.4834871805246426,0,nas,73.0,,0.0,0.07,0.0,17.6,9,0.031427832384893946
2015-01-11_UA1076,2015-01-11,UA,ORD,FLL,13:13,0.4832616520131763,1,carrier,-5.0,,0.0,0.0,0.0,26.6,70,0.916619771149878
2015-01-10_OO5410,2015-01-10,OO,ORD,EAU,18:00,0.48312468760934346,1,carrier,-13.0,329.0,0.0,0.0,0.0,34.2,51,0.5639654848996436
2015-01-11_OO4616,2015-01-11,OO,ORD,SLC,16:30,0.4831106901290618,0,nas,-4.0,,0.0,0.0,0.0,20.9,51,0.5639654848996436
2015-01-11_NK720,2015-01-11,NK,DEN,DFW,20:55,0.48285332648780466,1,nas,35.0,,0.0,0.0,0.0,6.8,14,0.06660631143300569
2015-01-11_OO6225,2015-01-11,OO,ORD,DFW,15:00,0.48264935318885593,0,none,1.0,175.0,0.0,0.0,0.0,22.0,54,0.6468767585818795
2015-01-11_OO6413,2015-01-11,OO,DEN,FAR,13:51,0.48244217426684677,1,carrier,39.0,,0.0,0.07,0.0,6.1,25,0.20382824624935333
2015-01-11_AA2343,2015-01-11,AA,ORD,DFW,16:26,0.48235944278023984,1,weather,-18.0,,0.0,0.0,0.0,20.9,51,0.5639654848996436
2015-01-11_OO5233,2015-01-11,OO,ORD,ASE,17:49,0.48224694553197617,1,none,-3.0,,0.0,0.0,0.0,19.4,52,0.6072969424123054
2015-01-11_OO5339,2015-01-11,OO,ORD,SPI,16:46,0.4820199358886686,0,none,-13.0,81.0,0.0,0.0,0.0,20.9,51,0.5639654848996436
2015-01-11_NK245,2015-01-11,NK,ORD,LAS,15:40,0.4818744408134821,0,none,-8.0,,0.0,0.0,0.0,22.0,54,0.6468767585818795
2015-01-11_EV3950,2015-01-11,EV,DEN,TUL,17:41,0.48162998572154614,1,late_aircraft,44.0,135.0,0.0,0.0,0.0,5.4,35,0.37558199689601657
2015-01-11_OO5325,2015-01-11,OO,ORD,MKE,16:47,0.4816023523064604,0,nas,-20.0,93.0,0.0,0.0,0.0,20.9,51,0.5639654848996436
2015-01-11_EV4745,2015-01-11,EV,ORD,DSM,17:35,0.4815518714121626,1,carrier,-8.0,90.0,0.0,0.0,0.0,19.4,52,0.6072969424123054
2015-01-11_AA2340,2015-01-11,AA,ORD,DCA,15:15,0.4813720469631467,1,late_aircraft,-7.0,133.0,0.0,0.0,0.0,22.0,54,0.6468767585818795
2015-01-10_AA1142,2015-01-10,AA,ORD,CLT,18:00,0.481253909918528,1,weather,11.0,239.0,0.0,0.0,0.0,34.2,51,0.5639654848996436
2015-01-11_UA604,2015-01-11,UA,ORD,IAH,11:59,0.4812209720871835,0,none,-16.0,,0.0,0.0,0.0,24.5,38,0.17792159069592947
2015-01-11_AA364,2015-01-11,AA,ORD,LGA,15:00,0.48115246475011814,0,none,-9.0,,0.0,0.0,0.0,22.0,54,0.6468767585818795
2015-01-10_VX241,2015-01-10,VX,ORD,LAX,17:35,0.481074860827108,0,none,0.0,,0.0,0.0,0.0,32.4,24,0.03442130932282874
2015-01-11_WN213,2015-01-11,WN,DEN,ABQ,22:05,0.4809185306853948,1,none,77.0,,0.0,0.07,0.0,17.6,9,0.031427832384893946
2015-01-10_EV6114,2015-01-10,EV,ORD,ICT,15:00,0.4805797972539794,0,none,0.0,,0.0,0.0,0.0,35.3,42,0.2893453385856312
2015-01-11_AA1344,2015-01-11,AA,DEN,DFW,17:39,0.47970921021540125,1,carrier,66.0,,0.0,0.0,0.0,5.4,35,0.37558199689601657
2015-01-10_OO2644,2015-01-10,OO,ORD,CHO,20:10,0.4795289688167293,1,weather,0.0,,0.0,0.0,0.0,34.6,30,0.06706058900769087
2015-01-11_EV4758,2015-01-11,EV,ORD,DAY,16:14,0.4793225136169102,0,none,-11.0,246.0,0.0,0.0,0.0,20.9,51,0.5639654848996436
2015-01-11_WN759,2015-01-11,WN,DEN,MCI,19:30,0.47905939811298637,0,none,21.0,390.0,0.0,0.0,0.0,6.1,61,0.9094671495085359
2015-01-10_EV6172,2015-01-10,EV,ORD,LEX,20:00,0.4790195688023673,0,none,12.0,,0.0,0.0,0.0,34.6,30,0.06706058900769087
2015-01-11_MQ3062,2015-01-11,MQ,ORD,OKC,08:50,0.47877202110824557,0,none,-11.0,,0.0,0.0,0.0,25.6,50,0.49305946351528795
2015-01-11_UA674,2015-01-11,UA,ORD,LGA,09:01,0.47875622675896523,0,none,10.0,,0.0,0.0,0.0,24.5,58,0.7106546614143688
2015-01-11_WN889,2015-01-11,WN,DEN,BOS,18:05,0.47869278989403913,1,late_aircraft,10.0,,0.0,0.0,0.0,5.8,44,0.539187790998448
2015-01-11_AA358,2015-01-11,AA,ORD,LGA,17:05,0.47862444114617253,0,none,3.0,210.0,0.0,0.0,0.0,19.4,52,0.6072969424123054
2015-01-10_EV5985,2015-01-10,EV,ORD,MCI,20:38,0.47845974984023304,0,none,6.0,300.0,0.0,0.0,0.0,34.6,30,0.06706058900769087
2015-01-10_EV6026,2015-01-10,EV,ORD,SCE,20:00,0.47810153861635796,0,none,0.0,,0.0,0.0,0.0,34.6,30,0.06706058900769087
2015-01-10_AA2335,2015-01-10,AA,ORD,DFW,14:38,0.4780742041507239,1,late_aircraft,138.0,,0.0,0.0,0.0,36.7,23,0.027762145938848248
2015-01-10_AA1009,2015-01-10,AA,ORD,LAX,20:25,0.47786076842942143,0,none,1.0,252.0,0.0,0.0,0.0,34.6,30,0.06706058900769087
2015-01-11_UA1755,2015-01-11,UA,ORD,PHL,13:20,0.4778331181719052,0,none,-11.0,,0.0,0.0,0.0,26.6,70,0.916619771149878
2015-01-11_OO5480,2015-01-11,OO,DEN,MLI,13:10,0.4777874659487377,0,none,27.0,,0.0,0.07,0.0,6.1,25,0.20382824624935333
2015-01-10_NK167,2015-01-10,NK,ORD,PHX,21:15,0.4777742865907354,0,none,27.0,,0.0,0.0,0.0,36.0,10,0.020165072219095855
2015-01-11_UA614,2015-01-11,UA,ORD,DCA,13:10,0.4771227589413712,0,none,-5.0,,0.0,0.0,0.0,26.6,70,0.916619771149878
2015-01-11_UA1141,2015-01-11,UA,ORD,TPA,14:19,0.4770120872619347,1,none,-9.0,,0.0,0.0,0.0,25.9,34,0.10307634590133183
2015-01-11_EV5901,2015-01-11,EV,DEN,FSD,19:44,0.4768351847815337,1,late_aircraft,28.0,,0.0,0.0,0.0,6.1,61,0.9094671495085359
2015-01-10_EV3930,2015-01-10,EV,ORD,CLE,20:35,0.47677317918634216,1,carrier,7.0,257.0,0.0,0.0,0.0,34.6,30,0.06706058900769087
2015-01-11_UA734,2015-01-11,UA,ORD,PIT,13:12,0.47666775404887984,0,none,-15.0,,0.0,0.0,0.0,26.6,70,0.916619771149878
2015-01-11_WN4256,2015-01-11,WN,DEN,LAS,21:15,0.4764645921855893,0,none,32.0,,0.0,0.07,0.0,9.7,26,0.23706673564407657
2015-01-10_F91067,2015-01-10,F9,ORD,DEN,13:55,0.4762710166753907,0,none,17.0,235.0,0.0,0.0,0.0,39.2,63,0.8181391858938285
2015-01-11_OO6190,2015-01-11,OO,DEN,PSC,19:42,0.47602358826644486,0,carrier,18.0,,0.0,0.0,0.0,6.1,61,0.9094671495085359
2015-01-11_EV4150,2015-01-11,EV,ORD,STL,17:55,0.47602002266385174,1,late_aircraft,1.0,59.0,0.0,0.0,0.0,19.4,52,0.6072969424123054
2015-01-10_NK223,2015-01-10,NK,ORD,RSW,17:21,0.4760147728357374,1,carrier,4.0,,0.0,0.0,0.0,32.4,24,0.03442130932282874
2015-01-11_OO5236,2015-01-11,OO,ORD,PIA,16:56,0.4759790704067395,0,nas,-3.0,204.0,0.0,0.0,0.0,20.9,51,0.5639654848996436
2015-01-11_WN397,2015-01-11,WN,DEN,FLL,11:35,0.4756371514928692,0,none,25.0,,0.0,0.0,0.0,12.6,52,0.6835230212105535
2015-01-10_EV4756,2015-01-10,EV,ORD,GRB,13:10,0.4754821379158278,0,none,17.0,,0.0,0.0,0.0,39.2,63,0.8181391858938285
2015-01-10_UA1132,2015-01-10,UA,DEN,LAX,17:47,0.47535689493570193,1,carrier,34.0,68.0,0.0,0.0,0.0,14.4,25,0.20382824624935333
2015-01-11_UA1436,2015-01-11,UA,DEN,PDX,19:08,0.4752232939640214,1,none,9.0,,0.0,0.0,0.0,6.1,61,0.9094671495085359
2015-01-10_OO5589,2015-01-10,OO,ORD,STL,12:56,0.47478363527498646,1,late_aircraft,0.0,,0.0,0.0,0.0,36.0,40,0.2473269555430501
2015-01-11_WN2207,2015-01-11,WN,DEN,LAS,13:55,0.4745397150208935,1,weather,33.0,,0.0,0.07,0.0,6.1,25,0.20382824624935333
2015-01-11_EV5954,2015-01-11,EV,ORD,CID,15:27,0.47452796817546483,0,none,-16.0,142.0,0.0,0.0,0.0,22.0,54,0.6468767585818795
2015-01-11_AA2315,2015-01-11,AA,ORD,DFW,09:54,0.4743054750918647,0,none,38.0,,0.0,0.0,0.0,24.5,58,0.7106546614143688
2015-01-11_WN4457,2015-01-11,WN,DEN,MDW,11:55,0.47428504298357127,0,none,25.0,,0.0,0.0,0.0,12.6,52,0.6835230212105535
2015-01-10_EV6132,2015-01-10,EV,ORD,BHM,15:20,0.47399318099783294,0,none,-15.0,155.0,0.0,0.0,0.0,35.3,42,0.2893453385856312
2015-01-10_UA734,2015-01-10,UA,ORD,PIT,13:12,0.4739504559334088,0,none,-6.0,,0.0,0.0,0.0,39.2,63,0.8181391858938285
2015-01-11_OO5298,2015-01-11,OO,ORD,MKE,15:43,0.47382923924954823,0,none,-20.0,,0.0,0.0,0.0,22.0,54,0.6468767585818795
2015-01-11_UA1498,2015-01-11,UA,DEN,IAH,19:45,0.4738078072432302,1,late_aircraft,12.0,,0.0,0.0,0.0,6.1,61,0.9094671495085359
2015-01-11_AA1570,2015-01-11,AA,ORD,LAS,15:55,0.4737961914347135,0,none,-2.0,167.0,0.0,0.0,0.0,22.0,54,0.6468767585818795
2015-01-11_UA1691,2015-01-11,UA,DEN,GEG,18:55,0.47355692891919227,0,none,8.0,,0.0,0.0,0.0,5.8,44,0.539187790998448
2015-01-11_WN1181,2015-01-11,WN,DEN,SMF,12:05,0.4735495891829994,0,none,20.0,,0.0,0.0,0.0,7.6,45,0.5565183652353854
2015-01-11_EV5923,2015-01-11,EV,DEN,ISN,22:05,0.4735317562127529,0,none,67.0,192.0,0.0,0.07,0.0,17.6,9,0.031427832384893946
2015-01-10_AA1401,2015-01-10,AA,ORD,MIA,16:30,0.47343380449648176,0,none,-21.0,208.0,0.0,0.0,0.0,34.6,45,0.31804539486025135
2015-01-11_AA1221,2015-01-11,AA,ORD,MCO,15:02,0.47328157701091345,0,none,0.0,226.0,0.0,0.0,0.0,22.0,54,0.6468767585818795
2015-01-11_UA598,2015-01-11,UA,DEN,ORD,17:08,0.47292402068808137,1,carrier,22.0,,0.0,0.0,0.0,5.4,35,0.37558199689601657
2015-01-11_UA533,2015-01-11,UA,ORD,SNA,09:45,0.472784806042627,0,none,11.0,,0.0,0.0,0.0,24.5,58,0.7106546614143688
2015-01-10_AA985,2015-01-10,AA,ORD,MIA,14:50,0.4726204670560772,1,late_aircraft,36.0,,0.0,0.0,0.0,36.7,23,0.027762145938848248
2015-01-11_AA1657,2015-01-11,AA,ORD,LAX,11:30,0.47260840663069553,0,none,8.0,,0.0,0.0,0.0,24.5,38,0.17792159069592947
2015-01-10_EV5942,2015-01-10,EV,DEN,MTJ,15:10,0.47250280094862124,0,none,84.0,183.0,0.0,0.0,0.0,10.8,32,0.36277806518365235
2015-01-10_EV6064,2015-01-10,EV,ORD,MSN,15:05,0.47229810382341003,0,none,-8.0,,0.0,0.0,0.0,35.3,42,0.2893453385856312
2015-01-11_UA1606,2015-01-11,UA,ORD,LAX,10:10,0.47223402089919814,0,none,-18.0,,0.0,0.0,0.0,23.8,39,0.21403113862314763
2015-01-11_UA1428,2015-01-11,UA,DEN,SAN,11:17,0.47205010607107317,0,nas,24.0,,0.0,0.0,0.0,12.6,52,0.6835230212105535
2015-01-10_F91260,2015-01-10,F9,ORD,TPA,13:25,0.4719223686847122,0,none,1.0,45.0,0.0,0.0,0.0,39.2,63,0.8181391858938285
2015-01-11_OO5396,2015-01-11,OO,ORD,SPI,11:39,0.4715392498238757,1,carrier,-12.0,108.0,0.0,0.0,0.0,24.5,38,0.17792159069592947
2015-01-11_OO5238,2015-01-11,OO,ORD,ASE,12:05,0.47147591419451296,0,none,10.0,,0.0,0.0,0.0,25.6,44,0.30547739636090787
2015-01-10_OO6229,2015-01-10,OO,ORD,SLC,15:15,0.4713059493759152,0,nas,-5.0,,0.0,0.0,0.0,35.3,42,0.2893453385856312
2015-01-11_WN1044,2015-01-11,WN,DEN,PIT,18:05,0.4711245570051682,1,carrier,0.0,,0.0,0.0,0.0,5.8,44,0.539187790998448
2015-01-11_WN416,2015-01-11,WN,DEN,BUR,18:20,0.4710674782903274,1,none,7.0,,0.0,0.0,0.0,5.8,44,0.539187790998448
2015-01-10_AA2353,2015-01-10,AA,ORD,DFW,20:30,0.47102053512609343,1,none,0.0,,0.0,0.0,0.0,34.6,30,0.06706058900769087
2015-01-10_OO5579,2015-01-10,OO,ORD,MSP,15:05,0.47063225930105823,1,carrier,-14.0,165.0,0.0,0.0,0.0,35.3,42,0.2893453385856312
2015-01-11_UA296,2015-01-11,UA,DEN,RNO,18:45,0.4703044913204571,1,none,0.0,,0.0,0.0,0.0,5.8,44,0.539187790998448
2015-01-11_UA1547,2015-01-11,UA,ORD,DEN,09:47,0.4702313580881879,0,none,0.0,,0.0,0.0,0.0,24.5,58,0.7106546614143688
2015-01-10_AA2340,2015-01-10,AA,ORD,DCA,15:15,0.47017954096809633,0,none,0.0,,0.0,0.0,0.0,35.3,42,0.2893453385856312
2015-01-11_EV5804,2015-01-11,EV,ORD,MCI,11:03,0.4701373895039331,0,none,-1.0,,0.0,0.0,0.0,24.5,38,0.17792159069592947
2015-01-11_WN1614,2015-01-11,WN,DEN,SAN,18:45,0.4698195572444167,0,none,0.0,,0.0,0.0,0.0,5.8,44,0.539187790998448
2015-01-11_UA1042,2015-01-11,UA,DEN,SEA,19:10,0.46976578144948117,1,none,12.0,,0.0,0.0,0.0,6.1,61,0.9094671495085359
2015-01-11_UA1087,2015-01-11,UA,ORD,SAN,09:45,0.46975147456731264,0,none,0.0,,0.0,0.0,0.0,24.5,58,0.7106546614143688
2015-01-11_UA1190,2015-01-11,UA,ORD,SRQ,09:32,0.4696270267947632,0,none,5.0,,0.0,0.0,0.0,24.5,58,0.7106546614143688
2015-01-10_AA2343,2015-01-10,AA,ORD,DFW,16:26,0.46959596386436353,0,none,-11.0,365.0,0.0,0.0,0.0,34.6,45,0.31804539486025135
2015-01-10_AA1679,2015-01-10,AA,ORD,TPA,12:55,0.46931616454572195,0,none,39.0,,0.0,0.0,0.0,36.0,40,0.2473269555430501
2015-01-11_AA2339,2015-01-11,AA,ORD,DFW,15:30,0.4692390843162132,0,none,-15.0,,0.0,0.0,0.0,22.0,54,0.6468767585818795
2015-01-10_DL1789,2015-01-10,DL,ORD,ATL,18:00,0.4692093633763484,0,none,0.0,,0.0,0.0,0.0,34.2,51,0.5639654848996436
2015-01-10_AA350,2015-01-10,AA,ORD,LGA,17:50,0.4690270044456,1,weather,11.0,204.0,0.0,0.0,0.0,32.4,24,0.03442130932282874
2015-01-10_OO5407,2015-01-10,OO,ORD,SPI,20:15,0.4686403505534129,0,none,6.0,193.0,0.0,0.0,0.0,34.6,30,0.06706058900769087
2015-01-11_OO6351,2015-01-11,OO,DEN,RDM,18:46,0.4683412126160496,0,nas,0.0,104.0,0.0,0.0,0.0,5.8,44,0.539187790998448
2015-01-11_WN602,2015-01-11,WN,DEN,SNA,18:45,0.46830286474519395,1,none,13.0,,0.0,0.0,0.0,5.8,44,0.539187790998448
2015-01-10_AA2339,2015-01-10,AA,ORD,DFW,15:30,0.4682387858414238,1,none,0.0,,0.0,0.0,0.0,35.3,42,0.2893453385856312
2015-01-11_UA217,2015-01-11,UA,ORD,JAC,09:50,0.4681690377881974,1,none,9.0,,0.0,0.0,0.0,24.5,58,0.7106546614143688
2015-01-11_UA1002,2015-01-11,UA,DEN,ORD,12:37,0.468061206818447,0,none,-2.0,70.0,0.0,0.0,0.0,7.6,45,0.5565183652353854
2015-01-11_EV6079,2015-01-11,EV,ORD,SBN,15:08,0.4679323937471732,0,none,-14.0,211.0,0.0,0.0,0.0,22.0,54,0.6468767585818795
2015-01-11_EV5985,2015-01-11,EV,ORD,FSD,17:10,0.4678988762018361,1,carrier,-20.0,92.0,0.0,0.0,0.0,19.4,52,0.6072969424123054
2015-01-11_EV3947,2015-01-11,EV,ORD,LAN,13:15,0.46754947783093487,0,none,0.0,153.0,0.0,0.0,0.0,26.6,70,0.916619771149878
2015-01-11_UA1093,2015-01-11,UA,DEN,CLE,15:30,0.4668109162597745,0,none,109.0,,0.0,0.0,0.0,5.4,49,0.6117434040351785
2015-01-11_AA1116,2015-01-11,AA,ORD,MSP,16:40,0.46671283917024187,0,none,1.0,379.0,0.0,0.0,0.0,20.9,51,0.5639654848996436
2015-01-11_AA1201,2015-01-11,AA,ORD,AUS,10:50,0.4665613693607415,0,none,14.0,,0.0,0.0,0.0,23.8,39,0.21403113862314763
2015-01-11_WN569,2015-01-11,WN,DEN,RDU,18:00,0.46633219417589566,1,none,-3.0,,0.0,0.0,0.0,5.8,44,0.539187790998448
2015-01-10_AA151,2015-01-10,AA,ORD,DEN,15:55,0.4662956107094518,0,none,-10.0,167.0,0.0,0.0,0.0,35.3,42,0.2893453385856312
2015-01-11_WN940,2015-01-11,WN,DEN,ABQ,15:20,0.4661874089575273,0,none,92.0,,0.0,0.0,0.0,5.4,49,0.6117434040351785
2015-01-11_UA765,2015-01-11,UA,DEN,LAX,19:05,0.4661775994583225,0,none,5.0,207.0,0.0,0.0,0.0,6.1,61,0.9094671495085359
2015-01-11_OO5447,2015-01-11,OO,ORD,MKE,09:00,0.4660449220075173,0,none,16.0,,0.0,0.0,0.0,24.5,58,0.7106546614143688
2015-01-11_EV4733,2015-01-11,EV,ORD,ICT,12:04,0.46581214384207925,0,nas,7.0,,0.0,0.0,0.0,25.6,44,0.30547739636090787
2015-01-11_EV4155,2015-01-11,EV,ORD,PIT,10:10,0.46576065107843867,0,none,16.0,,0.0,0.0,0.0,23.8,39,0.21403113862314763
2015-01-11_UA1683,2015-01-11,UA,DEN,OGG,11:33,0.465593365198638,1,none,0.0,,0.0,0.0,0.0,12.6,52,0.6835230212105535
2015-01-11_OO6355,2015-01-11,OO,ORD,DFW,17:00,0.4655515844998782,1,late_aircraft,-8.0,300.0,0.0,0.0,0.0,19.4,52,0.6072969424123054
2015-01-10_OO2636,2015-01-10,OO,ORD,MKE,17:08,0.4650346867032066,1,carrier,0.0,204.0,0.0,0.0,0.0,32.4,24,0.03442130932282874
2015-01-11_EV4202,2015-01-11,EV,DEN,COS,11:15,0.46485781243297913,1,none,35.0,,0.0,0.0,0.0,12.6,52,0.6835230212105535
2015-01-11_EV6060,2015-01-11,EV,DEN,SGF,12:35,0.46443435238412606,0,none,53.0,,0.0,0.0,0.0,7.6,45,0.5565183652353854
2015-01-11_WN374,2015-01-11,WN,DEN,BDL,18:00,0.4644208701837553,1,carrier,-6.0,205.0,0.0,0.0,0.0,5.8,44,0.539187790998448
2015-01-11_WN1767,2015-01-11,WN,DEN,TPA,18:00,0.46417077595810785,1,carrier,-6.0,,0.0,0.0,0.0,5.8,44,0.539187790998448
2015-01-10_OO6367,2015-01-10,OO,ORD,MSP,20:20,0.46393956029165645,1,none,-2.0,,0.0,0.0,0.0,34.6,30,0.06706058900769087
2015-01-11_UA1126,2015-01-11,UA,DEN,ANC,11:26,0.46388553964629625,1,late_aircraft,6.0,,0.0,0.0,0.0,12.6,52,0.6835230212105535
2015-01-11_NK425,2015-01-11,NK,ORD,FLL,17:32,0.46384250014922845,0,nas,-19.0,450.0,0.0,0.0,0.0,19.4,52,0.6072969424123054
2015-01-11_UA1580,2015-01-11,UA,DEN,MCO,15:45,0.463807595460058,1,none,64.0,,0.0,0.0,0.0,5.4,49,0.6117434040351785
2015-01-11_WN223,2015-01-11,WN,DEN,BNA,19:25,0.4637640735601261,1,carrier,6.0,,0.0,0.0,0.0,6.1,61,0.9094671495085359
2015-01-11_AA1080,2015-01-11,AA,ORD,EGE,11:45,0.46375095793281224,0,none,0.0,,0.0,0.0,0.0,24.5,38,0.17792159069592947
2015-01-11_DL1877,2015-01-11,DL,ORD,ATL,16:45,0.4635178556716071,0,none,0.0,,0.0,0.0,0.0,20.9,51,0.5639654848996436
2015-01-11_WN4121,2015-01-11,WN,DEN,HOU,18:30,0.4634265956819084,1,late_aircraft,-3.0,180.0,0.0,0.0,0.0,5.8,44,0.539187790998448
2015-01-11_F9288,2015-01-11,F9,DEN,STL,20:35,0.46278646599528533,0,none,52.0,,0.0,0.0,0.0,6.8,14,0.06660631143300569
2015-01-11_F9720,2015-01-11,F9,DEN,DCA,16:50,0.46271044516764914,1,nas,201.0,,16.0,0.0,0.0,5.4,12,0.053414381789963786
2015-01-11_EV4457,2015-01-11,EV,ORD,LEX,13:10,0.4626799648549588,0,none,0.0,,0.0,0.0,0.0,26.6,70,0.916619771149878
2015-01-11_OO5432,2015-01-11,OO,ORD,MBS,13:15,0.46266773360796454,0,none,-18.0,59.0,0.0,0.0,0.0,26.6,70,0.916619771149878
2015-01-11_AA151,2015-01-11,AA,DEN,ORD,18:17,0.4624116876151334,1,carrier,1.0,46.0,0.0,0.0,0.0,5.8,44,0.539187790998448
2015-01-11_UA1045,2015-01-11,UA,DEN,SAT,19:55,0.46212163067153494,1,carrier,7.0,,0.0,0.0,0.0,6.1,61,0.9094671495085359
2015-01-10_EV4544,2015-01-10,EV,ORD,CLT,13:16,0.4620821627908959,0,none,28.0,,0.0,0.0,0.0,39.2,63,0.8181391858938285
2015-01-11_EV5911,2015-01-11,EV,ORD,PIA,13:10,0.4620516715003224,0,none,0.0,,0.0,0.0,0.0,26.6,70,0.916619771149878
2015-01-11_UA1678,2015-01-11,UA,DEN,ORD,19:54,0.4619967463013473,1,carrier,-6.0,,0.0,0.0,0.0,6.1,61,0.9094671495085359
2015-01-11_OO5165,2015-01-11,OO,ORD,CHS,13:36,0.4618857060754649,0,none,-11.0,151.0,0.0,0.0,0.0,26.6,70,0.916619771149878
2015-01-11_AA1054,2015-01-11,AA,ORD,SEA,11:10,0.4616155332841097,0,none,-6.0,,0.0,0.0,0.0,24.5,38,0.17792159069592947
2015-01-11_EV3258,2015-01-11,EV,ORD,CWA,13:20,0.4613136667405406,1,nas,0.0,,0.0,0.0,0.0,26.6,70,0.916619771149878
2015-01-11_UA1456,2015-01-11,UA,ORD,LGA,09:53,0.46126290420744026,0,none,-13.0,,0.0,0.0,0.0,24.5,58,0.7106546614143688
2015-01-11_EV3946,2015-01-11,EV,ORD,MSN,13:10,0.4612566015790228,0,none,-17.0,64.0,0.0,0.0,0.0,26.6,70,0.916619771149878
2015-01-11_WN568,2015-01-11,WN,DEN,ATL,19:30,0.46121971470095646,1,carrier,0.0,,0.0,0.0,0.0,6.1,61,0.9094671495085359
2015-01-10_EV3964,2015-01-10,EV,ORD,TVC,17:07,0.4611882504900767,0,none,4.0,185.0,0.0,0.0,0.0,32.4,24,0.03442130932282874
2015-01-11_UA528,2015-01-11,UA,ORD,RSW,09:14,0.4610799106771938,0,none,-12.0,,0.0,0.0,0.0,24.5,58,0.7106546614143688
2015-01-11_OO4980,2015-01-11,OO,ORD,MTJ,09:53,0.46107968663759813,0,none,21.0,,0.0,0.0,0.0,24.5,58,0.7106546614143688
2015-01-11_EV6159,2015-01-11,EV,ORD,MCI,12:05,0.46083604595903604,0,none,0.0,,0.0,0.0,0.0,25.6,44,0.30547739636090787
2015-01-11_EV6008,2015-01-11,EV,ORD,FAR,12:05,0.4607921753183788,0,none,0.0,,0.0,0.0,0.0,25.6,44,0.30547739636090787
2015-01-11_WN1670,2015-01-11,WN,DEN,IAD,13:05,0.4606361451259816,0,none,0.0,,0.0,0.07,0.0,6.1,25,0.20382824624935333
2015-01-11_EV4389,2015-01-11,EV,ORD,FSD,11:55,0.4604679796250115,0,none,-12.0,,0.0,0.0,0.0,24.5,38,0.17792159069592947
2015-01-11_WN3473,2015-01-11,WN,DEN,DTW,19:30,0.46044154861150616,1,late_aircraft,4.0,305.0,0.0,0.0,0.0,6.1,61,0.9094671495085359
2015-01-11_UA1037,2015-01-11,UA,DEN,ORD,10:22,0.46042684598140526,1,none,70.0,,0.0,0.0,0.0,15.5,52,0.6835230212105535
2015-01-10_NK425,2015-01-10,NK,ORD,FLL,17:32,0.4603597234052634,0,none,-7.0,450.0,0.0,0.0,0.0,32.4,24,0.03442130932282874
2015-01-11_EV4867,2015-01-11,EV,ORD,ELM,13:36,0.46011763651151577,1,carrier,9.0,,0.0,0.0,0.0,26.6,70,0.916619771149878
2015-01-11_AA2271,2015-01-11,AA,ORD,LAX,17:40,0.46011188458426466,0,none,-21.0,256.0,0.0,0.0,0.0,19.4,52,0.6072969424123054
2015-01-11_EV5673,2015-01-11,EV,ORD,LNK,17:07,0.4598348157253851,0,nas,-14.0,185.0,0.0,0.0,0.0,19.4,52,0.6072969424123054
2015-01-11_WN1823,2015-01-11,WN,DEN,EWR,18:20,0.4596247852090514,1,late_aircraft,-6.0,135.0,0.0,0.0,0.0,5.8,44,0.539187790998448
2015-01-10_AA1221,2015-01-10,AA,ORD,MCO,15:02,0.45953030593065186,0,none,-12.0,226.0,0.0,0.0,0.0,35.3,42,0.2893453385856312
2015-01-11_UA1268,2015-01-11,UA,DEN,SMF,11:10,0.45927502316676694,1,carrier,3.0,,0.0,0.0,0.0,12.6,52,0.6835230212105535
2015-01-11_OO5455,2015-01-11,OO,ORD,EAU,13:10,0.45906093191061137,0,none,-6.0,143.0,0.0,0.0,0.0,26.6,70,0.916619771149878
2015-01-11_OO6525,2015-01-11,OO,ORD,MSN,11:56,0.458818107264748,0,none,-24.0,91.0,0.0,0.0,0.0,24.5,38,0.17792159069592947
2015-01-11_OO5436,2015-01-11,OO,ORD,DLH,13:15,0.4586766419627129,0,none,-19.0,93.0,0.0,0.0,0.0,26.6,70,0.916619771149878
2015-01-11_OO5364,2015-01-11,OO,ORD,MKE,11:56,0.4586261162827038,0,none,-17.0,149.0,0.0,0.0,0.0,24.5,38,0.17792159069592947
2015-01-11_OO6227,2015-01-11,OO,ORD,SLC,12:26,0.458511849306835,0,none,0.0,,0.0,0.0,0.0,25.6,44,0.30547739636090787
2015-01-11_UA638,2015-01-11,UA,ORD,EWR,09:05,0.4582453830191052,1,carrier,-22.0,,0.0,0.0,0.0,24.5,58,0.7106546614143688
2015-01-10_OO6472,2015-01-10,OO,ORD,AUS,13:00,0.45823601417868015,0,none,0.0,169.0,0.0,0.0,0.0,39.2,63,0.8181391858938285
2015-01-11_WN958,2015-01-11,WN,DEN,DAL,20:00,0.4579037507435347,0,none,23.0,,0.0,0.0,0.0,6.8,14,0.06660631143300569
2015-01-10_DL1493,2015-01-10,DL,ORD,DTW,16:41,0.45760668721509634,1,weather,0.0,,0.0,0.0,0.0,34.6,45,0.31804539486025135
2015-01-11_AA2325,2015-01-11,AA,ORD,DFW,13:28,0.4575615254639046,1,late_aircraft,1.0,178.0,0.0,0.0,0.0,26.6,70,0.916619771149878
2015-01-11_NK659,2015-01-11,NK,ORD,MCI,14:11,0.4575509523281766,0,none,-15.0,218.0,0.0,0.0,0.0,25.9,34,0.10307634590133183
2015-01-11_UA1218,2015-01-11,UA,DEN,CLE,11:01,0.4575509451708095,1,none,13.0,,0.0,0.0,0.0,12.6,52,0.6835230212105535
2015-01-11_AA1670,2015-01-11,AA,ORD,BOS,14:00,0.4573930257417847,1,carrier,0.0,,0.0,0.0,0.0,25.9,34,0.10307634590133183
2015-01-11_OO6459,2015-01-11,OO,ORD,OMA,11:55,0.45732926051228834,0,none,-9.0,,0.0,0.0,0.0,24.5,38,0.17792159069592947
2015-01-11_EV4729,2015-01-11,EV,ORD,CVG,14:20,0.45718718555464377,0,none,-6.0,167.0,0.0,0.0,0.0,25.9,34,0.10307634590133183
2015-01-11_EV5924,2015-01-11,EV,ORD,TYS,14:40,0.4568730516835072,0,none,-14.0,157.0,0.0,0.0,0.0,25.9,34,0.10307634590133183
2015-01-11_EV5939,2015-01-11,EV,ORD,SAV,13:30,0.4564594089751266,0,none,-8.0,,0.0,0.0,0.0,26.6,70,0.916619771149878
2015-01-10_US783,2015-01-10,US,ORD,PHL,16:00,0.4563817010984393,1,late_aircraft,-8.0,57.0,0.0,0.0,0.0,34.6,45,0.31804539486025135
2015-01-11_UA1544,2015-01-11,UA,DEN,LGA,15:40,0.45604980303992926,1,none,33.0,,0.0,0.0,0.0,5.4,49,0.6117434040351785
2015-01-11_OO6191,2015-01-11,OO,DEN,BFL,11:14,0.45600726857694046,0,none,16.0,185.0,0.0,0.0,0.0,12.6,52,0.6835230212105535
2015-01-11_WN1126,2015-01-11,WN,DEN,AUS,15:45,0.4559435840025121,0,none,48.0,,0.0,0.0,0.0,5.4,49,0.6117434040351785
2015-01-11_OO5413,2015-01-11,OO,ORD,MKE,14:19,0.45566351908418673,0,none,-7.0,100.0,0.0,0.0,0.0,25.9,34,0.10307634590133183
2015-01-11_OO6536,2015-01-11,OO,DEN,SBA,18:50,0.4553019142160825,1,none,0.0,,0.0,0.0,0.0,5.8,44,0.539187790998448
2015-01-11_EV4165,2015-01-11,EV,ORD,FNT,13:20,0.4552286439486133,1,none,-20.0,156.0,0.0,0.0,0.0,26.6,70,0.916619771149878
2015-01-10_EV5998,2015-01-10,EV,ORD,LIT,13:05,0.4549031481583239,0,none,-12.0,163.0,0.0,0.0,0.0,39.2,63,0.8181391858938285
2015-01-11_WN137,2015-01-11,WN,DEN,STL,19:35,0.4548102642546996,0,none,3.0,,0.0,0.0,0.0,6.1,61,0.9094671495085359
2015-01-11_OO4986,2015-01-11,OO,ORD,BNA,13:45,0.45480503485109075,0,none,-6.0,234.0,0.0,0.0,0.0,26.6,70,0.916619771149878
2015-01-11_UA593,2015-01-11,UA,ORD,LAS,09:58,0.45470417699330157,0,nas,-27.0,,0.0,0.0,0.0,24.5,58,0.7106546614143688
2015-01-11_UA1061,2015-01-11,UA,DEN,SNA,19:06,0.4545779053967158,0,none,-2.0,193.0,0.0,0.0,0.0,6.1,61,0.9094671495085359
2015-01-11_NK927,2015-01-11,NK,ORD,MCO,10:06,0.45455976067898024,0,none,-18.0,40.0,0.0,0.0,0.0,23.8,39,0.21403113862314763
2015-01-11_WN174,2015-01-11,WN,DEN,OKC,19:30,0.4543543735530321,0,none,0.0,,0.0,0.0,0.0,6.1,61,0.9094671495085359
2015-01-11_UA379,2015-01-11,UA,ORD,FLL,09:57,0.4542798342748116,0,none,-12.0,,0.0,0.0,0.0,24.5,58,0.7106546614143688
2015-01-11_EV3274,2015-01-11,EV,ORD,ERI,13:08,0.4540303406996718,0,none,-9.0,,0.0,0.0,0.0,26.6,70,0.916619771149878
2015-01-11_F91063,2015-01-11,F9,ORD,SLC,15:40,0.4538905899881406,1,carrier,-2.0,350.0,0.0,0.0,0.0,22.0,54,0.6468767585818795
2015-01-11_AA2345,2015-01-11,AA,ORD,DFW,17:37,0.45388989673364716,1,weather,-22.0,,0.0,0.0,0.0,19.4,52,0.6072969424123054
2015-01-11_UA338,2015-01-11,UA,DEN,DFW,19:55,0.4538266369781903,1,none,5.0,248.0,0.0,0.0,0.0,6.1,61,0.9094671495085359
2015-01-11_AA390,2015-01-11,AA,ORD,RDU,14:55,0.4535224594871966,0,none,14.0,242.0,0.0,0.0,0.0,25.9,34,0.10307634590133183
2015-01-10_WN3949,2015-01-10,WN,DEN,AUS,17:15,0.453395462162233,0,none,113.0,,0.0,0.0,0.0,14.4,25,0.20382824624935333
2015-01-11_AA111,2015-01-11,AA,ORD,SNA,17:20,0.45333941183796567,1,weather,-23.0,378.0,0.0,0.0,0.0,19.4,52,0.6072969424123054
2015-01-11_AA231,2015-01-11,AA,ORD,LAS,13:25,0.45320392906477297,0,none,0.0,,0.0,0.0,0.0,26.6,70,0.916619771149878
2015-01-11_EV5953,2015-01-11,EV,ORD,CID,12:00,0.4531852896252148,0,none,-8.0,,0.0,0.0,0.0,25.6,44,0.30547739636090787
2015-01-11_UA1670,2015-01-11,UA,DEN,SFO,15:40,0.45313577663256505,1,carrier,33.0,,0.0,0.0,0.0,5.4,49,0.6117434040351785
2015-01-11_OO5566,2015-01-11,OO,ORD,ATL,14:39,0.453131472881447,0,none,-7.0,166.0,0.0,0.0,0.0,25.9,34,0.10307634590133183
2015-01-11_WN2244,2015-01-11,WN,DEN,SNA,21:00,0.45307418936272426,0,none,17.0,,0.0,0.07,0.0,9.7,26,0.23706673564407657
2015-01-11_AA985,2015-01-11,AA,ORD,MIA,14:50,0.45306494897482547,0,none,0.0,,0.0,0.0,0.0,25.9,34,0.10307634590133183
2015-01-11_UA1751,2015-01-11,UA,ORD,IAH,09:50,0.45283485624471587,0,none,-6.0,,0.0,0.0,0.0,24.5,58,0.7106546614143688
2015-01-10_WN4348,2015-01-10,WN,DEN,MDW,19:55,0.45280914072108475,0,none,119.0,,0.0,0.0,0.0,14.8,19,0.11174340403517848
2015-01-10_EV4096,2015-01-10,EV,ORD,CHS,13:38,0.45279734300938296,0,none,8.0,,0.0,0.0,0.0,39.2,63,0.8181391858938285
2015-01-10_WN4207,2015-01-10,WN,DEN,PDX,20:10,0.45259298218876504,0,none,70.0,,0.0,0.0,0.0,17.3,19,0.11174340403517848
2015-01-11_EV4756,2015-01-11,EV,ORD,GRB,13:10,0.45253971074940275,0,none,-18.0,136.0,0.0,0.0,0.0,26.6,70,0.916619771149878
2015-01-10_EV5795,2015-01-10,EV,ORD,SAV,13:30,0.45252228401308153,0,none,-7.0,168.0,0.0,0.0,0.0,39.2,63,0.8181391858938285
2015-01-11_AA1644,2015-01-11,AA,ORD,SNA,13:45,0.4524899068812505,0,none,0.0,,0.0,0.0,0.0,26.6,70,0.916619771149878
2015-01-11_DL1283,2015-01-11,DL,DEN,SLC,19:20,0.45228400804334423,0,none,34.0,,0.0,0.0,0.0,6.1,61,0.9094671495085359
2015-01-11_OO5518,2015-01-11,OO,DEN,ONT,18:45,0.45227006995702257,1,carrier,0.0,,0.0,0.0,0.0,5.8,44,0.539187790998448
2015-01-10_WN3640,2015-01-10,WN,DEN,OKC,18:25,0.4522336835717797,0,none,37.0,,0.0,0.0,0.0,15.1,41,0.4905587170201759
2015-01-11_AA198,2015-01-11,AA,ORD,JFK,13:00,0.4521745829824233,0,none,0.0,,0.0,0.0,0.0,26.6,70,0.916619771149878
2015-01-11_WN699,2015-01-11,WN,DEN,MKE,19:30,0.4521319142815802,1,carrier,-18.0,330.0,0.0,0.0,0.0,6.1,61,0.9094671495085359
2015-01-11_AA374,2015-01-11,AA,ORD,LGA,12:25,0.45208623289264444,0,none,11.0,,0.0,0.0,0.0,25.6,44,0.30547739636090787
2015-01-11_UA403,2015-01-11,UA,DEN,SNA,11:16,0.45202284009267396,0,none,-15.0,74.0,0.0,0.0,0.0,12.6,52,0.6835230212105535
2015-01-11_NK219,2015-01-11,NK,ORD,ATL,10:44,0.45190498626273057,0,none,6.0,,0.0,0.0,0.0,23.8,39,0.21403113862314763
2015-01-10_OO5359,2015-01-10,OO,ORD,PAH,13:10,0.4519032466278077,0,none,-4.0,125.0,0.0,0.0,0.0,39.2,63,0.8181391858938285
2015-01-10_EV3947,2015-01-10,EV,ORD,LAN,13:15,0.4518890504458992,0,none,-6.0,69.0,0.0,0.0,0.0,39.2,63,0.8181391858938285
2015-01-11_OO5649,2015-01-11,OO,DEN,BUR,18:55,0.4518588710619234,1,carrier,11.0,473.0,0.0,0.0,0.0,5.8,44,0.539187790998448
2015-01-11_OO5369,2015-01-11,OO,ORD,STC,11:40,0.45181451404874473,0,none,-9.0,,0.0,0.0,0.0,24.5,38,0.17792159069592947
2015-01-10_AA2271,2015-01-10,AA,ORD,LAX,17:40,0.4517177790266952,1,weather,-11.0,398.0,0.0,0.0,0.0,32.4,24,0.03442130932282874
2015-01-11_OO5359,2015-01-11,OO,ORD,PAH,13:10,0.45159558385041176,0,none,-11.0,,0.0,0.0,0.0,26.6,70,0.916619771149878
2015-01-11_EV4226,2015-01-11,EV,ORD,PVD,13:25,0.45155762452965575,0,none,-16.0,,0.0,0.0,0.0,26.6,70,0.916619771149878
2015-01-11_WN1803,2015-01-11,WN,DEN,MCO,11:45,0.45150915109557216,0,none,0.0,,0.0,0.0,0.0,12.6,52,0.6835230212105535
2015-01-11_UA1690,2015-01-11,UA,DEN,SFO,11:30,0.4514311337988662,0,nas,1.0,,0.0,0.0,0.0,12.6,52,0.6835230212105535
2015-01-11_AA186,2015-01-11,AA,ORD,BOS,11:40,0.4514093908964323,0,none,-8.0,274.0,0.0,0.0,0.0,24.5,38,0.17792159069592947
2015-01-11_WN2232,2015-01-11,WN,DEN,GRR,11:35,0.4513391775277053,0,none,0.0,,0.0,0.0,0.0,12.6,52,0.6835230212105535
2015-01-10_AA197,2015-01-10,AA,ORD,SFO,13:55,0.45133201630721287,1,late_aircraft,-8.0,165.0,0.0,0.0,0.0,39.2,63,0.8181391858938285
2015-01-11_OO6379,2015-01-11,OO,ORD,AUS,13:00,0.451313600493789,0,none,-7.0,,0.0,0.0,0.0,26.6,70,0.916619771149878
2015-01-11_AA2224,2015-01-11,AA,ORD,LAS,09:25,0.4512777666989896,1,carrier,17.0,,0.0,0.0,0.0,24.5,58,0.7106546614143688
2015-01-11_WN4345,2015-01-11,WN,DEN,SFO,12:00,0.45116211003393564,1,nas,13.0,,0.0,0.0,0.0,7.6,45,0.5565183652353854
2015-01-11_B6494,2015-01-11,B6,DEN,BOS,12:40,0.4510893431866214,0,none,0.0,,0.0,0.0,0.0,7.6,45,0.5565183652353854
2015-01-11_AA2216,2015-01-11,AA,ORD,LAX,12:55,0.4509990203039887,0,none,-10.0,,0.0,0.0,0.0,25.6,44,0.30547739636090787
2015-01-11_AA1044,2015-01-11,AA,ORD,MIA,12:05,0.4509697023461788,0,none,0.0,,0.0,0.0,0.0,25.6,44,0.30547739636090787
2015-01-11_OO5517,2015-01-11,OO,DEN,PSP,18:45,0.4508240146758494,0,none,0.0,,0.0,0.0,0.0,5.8,44,0.539187790998448
2015-01-11_WN4830,2015-01-11,WN,DEN,HOU,19:25,0.45081418656231964,1,late_aircraft,-2.0,,0.0,0.0,0.0,6.1,61,0.9094671495085359
2015-01-11_EV3948,2015-01-11,EV,ORD,DSM,11:55,0.4507318171758371,1,nas,-21.0,,0.0,0.0,0.0,24.5,38,0.17792159069592947
2015-01-10_EV4730,2015-01-10,EV,ORD,DAY,13:10,0.4506697661974781,1,none,0.0,183.0,0.0,0.0,0.0,39.2,63,0.8181391858938285
2015-01-11_AA2321,2015-01-11,AA,ORD,DFW,12:19,0.45054109206255666,0,none,9.0,,0.0,0.0,0.0,25.6,44,0.30547739636090787
2015-01-10_OO5393,2015-01-10,OO,ORD,FWA,13:10,0.4505234255696749,0,none,0.0,,0.0,0.0,0.0,39.2,63,0.8181391858938285
2015-01-11_WN2248,2015-01-11,WN,DEN,MKE,10:20,0.4504698888006283,0,none,130.0,,0.0,0.0,0.0,15.5,52,0.6835230212105535
2015-01-11_US2058,2015-01-11,US,ORD,PHL,16:00,0.45046309595811124,0,nas,-1.0,,0.0,0.0,0.0,20.9,51,0.5639654848996436
2015-01-11_OO5393,2015-01-11,OO,ORD,FWA,13:10,0.450110341936447,0,none,-23.0,167.0,0.0,0.0,0.0,26.6,70,0.916619771149878
2015-01-11_NK976,2015-01-11,NK,DEN,DTW,19:59,0.45002405134618945,0,none,0.0,,0.0,0.0,0.0,6.1,61,0.9094671495085359
2015-01-11_EV5918,2015-01-11,EV,ORD,SCE,14:40,0.4499300135632179,1,carrier,-9.0,,0.0,0.0,0.0,25.9,34,0.10307634590133183
2015-01-11_EV4213,2015-01-11,EV,ORD,HPN,13:40,0.449905369742761,0,none,-19.0,210.0,0.0,0.0,0.0,26.6,70,0.916619771149878
2015-01-11_UA579,2015-01-11,UA,DEN,BIL,11:10,0.44986470599694867,0,none,0.0,,0.0,0.0,0.0,12.6,52,0.6835230212105535
2015-01-10_AA111,2015-01-10,AA,ORD,SNA,17:20,0.44983943986280306,0,none,-13.0,314.0,0.0,0.0,0.0,32.4,24,0.03442130932282874
2015-01-11_UA723,2015-01-11,UA,DEN,SJC,19:02,0.44976666559464534,0,none,-3.0,201.0,0.0,0.0,0.0,6.1,61,0.9094671495085359
2015-01-11_MQ3283,2015-01-11,MQ,ORD,DAY,07:55,0.4497400992907524,0,none,35.0,,0.0,0.0,0.0,25.9,28,0.0535546801725755
2015-01-11_WN1629,2015-01-11,WN,DEN,MSY,19:25,0.4492975798233423,1,nas,-4.0,,0.0,0.0,0.0,6.1,61,0.9094671495085359
2015-01-10_EV6023,2015-01-10,EV,ORD,CWA,13:07,0.449115655685843,0,none,0.0,,0.0,0.0,0.0,39.2,63,0.8181391858938285
2015-01-11_OO5370,2015-01-11,OO,ORD,MBS,08:15,0.4490650500665176,0,none,52.0,,0.0,0.0,0.0,25.6,50,0.49305946351528795
2015-01-11_UA453,2015-01-11,UA,DEN,BOI,19:01,0.44904744737989394,0,none,-6.0,,0.0,0.0,0.0,6.1,61,0.9094671495085359
2015-01-11_UA1272,2015-01-11,UA,DEN,SEA,11:19,0.4490444085114506,0,none,-9.0,,0.0,0.0,0.0,12.6,52,0.6835230212105535
2015-01-10_WN4237,2015-01-10,WN,DEN,IAD,16:40,0.4488809180259868,1,late_aircraft,48.0,,0.0,0.0,0.0,13.3,23,0.188178996378686
2015-01-11_MQ3027,2015-01-11,MQ,ORD,MSN,07:35,0.44887707472482813,0,none,53.0,,0.0,0.0,0.0,25.9,28,0.0535546801725755
2015-01-10_AA344,2015-01-10,AA,DEN,MIA,17:15,0.44880889355539066,0,none,65.0,,0.0,0.0,0.0,14.4,25,0.20382824624935333
2015-01-10_US1916,2015-01-10,US,ORD,CLT,18:25,0.44874394939418966,1,none,0.0,,0.0,0.0,0.0,34.2,51,0.5639654848996436
2015-01-10_EV5934,2015-01-10,EV,ORD,SCE,13:09,0.4484240777131416,0,none,6.0,,0.0,0.0,0.0,39.2,63,0.8181391858938285
2015-01-10_EV4457,2015-01-10,EV,ORD,LEX,13:10,0.44841112389921856,1,none,4.0,,0.0,0.0,0.0,39.2,63,0.8181391858938285
2015-01-10_OO5408,2015-01-10,OO,ORD,EAU,13:10,0.44838979283170677,0,none,-15.0,88.0,0.0,0.0,0.0,39.2,63,0.8181391858938285
2015-01-11_OO5162,2015-01-11,OO,DEN,LIT,19:51,0.4481110353187069,1,late_aircraft,0.0,,0.0,0.0,0.0,6.1,61,0.9094671495085359
2015-01-11_NK357,2015-01-11,NK,ORD,LAS,09:35,0.4477163842428146,0,none,9.0,,0.0,0.0,0.0,24.5,58,0.7106546614143688
2015-01-11_UA295,2015-01-11,UA,DEN,RNO,11:12,0.447614280597172,0,none,-1.0,,0.0,0.0,0.0,12.6,52,0.6835230212105535
2015-01-11_EV6018,2015-01-11,EV,DEN,BNA,19:41,0.4475506424518057,0,nas,2.0,259.0,0.0,0.0,0.0,6.1,61,0.9094671495085359
2015-01-10_OO5507,2015-01-10,OO,DEN,ASE,19:10,0.44741483763569523,0,none,78.0,,0.0,0.0,0.0,14.8,19,0.11174340403517848
2015-01-10_EV6153,2015-01-10,EV,ORD,CVG,13:15,0.44737926687816504,1,carrier,-14.0,151.0,0.0,0.0,0.0,39.2,63,0.8181391858938285
2015-01-10_AA2345,2015-01-10,AA,ORD,DFW,17:37,0.4467637948525564,1,late_aircraft,-16.0,330.0,0.0,0.0,0.0,32.4,24,0.03442130932282874
2015-01-10_EV5940,2015-01-10,EV,ORD,BNA,13:45,0.44675783420601467,0,none,-12.0,173.0,0.0,0.0,0.0,39.2,63,0.8181391858938285
2015-01-10_DL2149,2015-01-10,DL,DEN,MSP,16:00,0.44660203668681514,0,none,217.0,,32.0,0.0,0.0,13.3,23,0.188178996378686
2015-01-11_US893,2015-01-11,US,ORD,CLT,09:00,0.446588080716939,0,none,94.0,,0.0,0.0,0.0,24.5,58,0.7106546614143688
2015-01-11_WN2496,2015-01-11,WN,DEN,PHX,16:00,0.4459658634733037,0,none,32.0,,0.0,0.0,0.0,5.4,12,0.053414381789963786
2015-01-11_EV4730,2015-01-11,EV,ORD,DAY,10:40,0.44579075611475744,1,carrier,-1.0,,0.0,0.0,0.0,23.8,39,0.21403113862314763
2015-01-10_WN4319,2015-01-10,WN,DEN,PHX,16:45,0.4455511329065228,0,none,71.0,,0.0,0.0,0.0,13.3,23,0.188178996378686
2015-01-11_US481,2015-01-11,US,DEN,PHL,11:10,0.44549800045063725,0,none,26.0,,0.0,0.0,0.0,12.6,52,0.6835230212105535
2015-01-11_UA301,2015-01-11,UA,DEN,LAS,11:15,0.4448701761170031,1,nas,1.0,,0.0,0.0,0.0,12.6,52,0.6835230212105535
2015-01-11_AA366,2015-01-11,AA,ORD,LGA,14:15,0.4448552213799718,0,none,-2.0,200.0,0.0,0.0,0.0,25.9,34,0.10307634590133183
2015-01-11_WN4194,2015-01-11,WN,DEN,SLC,10:35,0.44474659903682184,0,none,42.0,,0.0,0.0,0.0,15.5,52,0.6835230212105535
2015-01-11_UA1139,2015-01-11,UA,DEN,PHX,12:04,0.44471262686101737,1,late_aircraft,-1.0,157.0,0.0,0.0,0.0,7.6,45,0.5565183652353854
2015-01-11_UA349,2015-01-11,UA,DEN,TPA,12:41,0.4443018766002493,0,none,-4.0,,0.0,0.0,0.0,7.6,45,0.5565183652353854
2015-01-11_UA754,2015-01-11,UA,DEN,LGA,12:34,0.44424816624618296,0,none,-18.0,,0.0,0.0,0.0,7.6,45,0.5565183652353854
2015-01-11_WN161,2015-01-11,WN,DEN,DAY,11:35,0.44420450384983756,0,none,-17.0,,0.0,0.0,0.0,12.6,52,0.6835230212105535
2015-01-10_OO5382,2015-01-10,OO,ORD,MBS,13:15,0.444177563947679,1,none,-7.0,172.0,0.0,0.0,0.0,39.2,63,0.8181391858938285
2015-01-11_WN4333,2015-01-11,WN,DEN,PDX,12:05,0.4439388444338008,0,none,-6.0,,0.0,0.0,0.0,7.6,45,0.5565183652353854
2015-01-11_OO5227,2015-01-11,OO,ORD,CLT,13:16,0.44392864998744264,0,none,5.0,,0.0,0.0,0.0,26.6,70,0.916619771149878
2015-01-10_NK720,2015-01-10,NK,DEN,DFW,20:55,0.4439071373147286,1,late_aircraft,126.0,,0.0,0.0,0.0,17.3,19,0.11174340403517848
2015-01-11_EV6050,2015-01-11,EV,ORD,DTW,14:15,0.4438134318188359,0,none,-20.0,273.0,0.0,0.0,0.0,25.9,34,0.10307634590133183
2015-01-10_EV4250,2015-01-10,EV,ORD,HPN,13:40,0.4437183175244183,0,none,-7.0,,0.0,0.0,0.0,39.2,63,0.8181391858938285
2015-01-11_UA1175,2015-01-11,UA,ORD,PDX,08:05,0.44367645666951605,1,none,408.0,,223.0,0.0,0.0,25.6,50,0.49305946351528795
2015-01-11_OO5253,2015-01-11,OO,DEN,SGF,19:50,0.44365684087232393,0,nas,12.0,193.0,0.0,0.0,0.0,6.1,61,0.9094671495085359
2015-01-11_OO5545,2015-01-11,OO,DEN,ELP,19:40,0.44362342087131446,1,nas,0.0,,0.0,0.0,0.0,6.1,61,0.9094671495085359
2015-01-10_UA1575,2015-01-10,UA,DEN,ORD,15:20,0.4435550845780622,1,late_aircraft,62.0,,0.0,0.0,0.0,10.8,32,0.36277806518365235
2015-01-11_F9581,2015-01-11,F9,DEN,SLC,21:30,0.4435330175702357,0,none,24.0,60.0,0.0,0.07,0.0,9.7,26,0.23706673564407657
2015-01-10_AA2267,2015-01-10,AA,ORD,DCA,17:23,0.4433922692959918,1,carrier,-14.0,229.0,0.0,0.0,0.0,32.4,24,0.03442130932282874
2015-01-11_WN4146,2015-01-11,WN,DEN,PDX,20:35,0.4431668860753753,1,carrier,0.0,,0.0,0.0,0.0,6.8,14,0.06660631143300569
2015-01-11_WN1537,2015-01-11,WN,DEN,PHL,18:05,0.4431632325489855,1,carrier,-6.0,,0.0,0.0,0.0,5.8,44,0.539187790998448
2015-01-10_AA231,2015-01-10,AA,ORD,LAS,13:25,0.4430996848838364,1,none,0.0,,0.0,0.0,0.0,39.2,63,0.8181391858938285
2015-01-11_WN4247,2015-01-11,WN,DEN,TUS,12:45,0.443034817925494,0,none,0.0,,0.0,0.0,0.0,7.6,45,0.5565183652353854
2015-01-11_OO6516,2015-01-11,OO,DEN,FCA,18:50,0.4427722147093782,1,none,-2.0,196.0,0.0,0.0,0.0,5.8,44,0.539187790998448
2015-01-11_WN4278,2015-01-11,WN,DEN,MSP,10:05,0.44261465479206374,0,none,51.0,,0.0,0.0,0.0,15.5,52,0.6835230212105535
2015-01-11_EV6064,2015-01-11,EV,ORD,ATW,14:46,0.44260867922095987,0,none,-22.0,188.0,0.0,0.0,0.0,25.9,34,0.10307634590133183
2015-01-11_WN361,2015-01-11,WN,DEN,MSP,19:30,0.4424832442757915,1,late_aircraft,-3.0,,0.0,0.0,0.0,6.1,61,0.9094671495085359
2015-01-10_EV6144,2015-01-10,EV,ORD,ABE,13:25,0.44237304298011987,0,none,-18.0,,0.0,0.0,0.0,39.2,63,0.8181391858938285
2015-01-11_AA278,2015-01-11,AA,ORD,PHX,12:10,0.4423048072586602,0,none,-5.0,,0.0,0.0,0.0,25.6,44,0.30547739636090787
2015-01-11_AA368,2015-01-11,AA,ORD,LGA,13:20,0.4422513739122196,0,none,-21.0,226.0,0.0,0.0,0.0,26.6,70,0.916619771149878
2015-01-11_UA1108,2015-01-11,UA,DEN,BIL,19:04,0.44223989209154246,0,none,-7.0,,0.0,0.0,0.0,6.1,61,0.9094671495085359
2015-01-11_EV5981,2015-01-11,EV,ORD,GRB,09:47,0.44222819869352453,0,nas,3.0,,0.0,0.0,0.0,24.5,58,0.7106546614143688
2015-01-11_F9216,2015-01-11,F9,DEN,AUS,15:53,0.44220804460835905,1,late_aircraft,153.0,276.0,0.0,0.0,0.0,5.4,49,0.6117434040351785
2015-01-11_EV5912,2015-01-11,EV,DEN,DIK,19:52,0.4421425174061565,0,none,0.0,196.0,0.0,0.0,0.0,6.1,61,0.9094671495085359
2015-01-11_WN282,2015-01-11,WN,DEN,HOU,11:00,0.4421384866884978,0,carrier,-22.0,,0.0,0.0,0.0,12.6,52,0.6835230212105535
2015-01-11_AA1471,2015-01-11,AA,DEN,DFW,10:34,0.44213315740596415,0,none,87.0,,0.0,0.0,0.0,15.5,52,0.6835230212105535
2015-01-10_AA1065,2015-01-10,AA,ORD,BOS,13:00,0.4420990669423699,0,none,0.0,,0.0,0.0,0.0,39.2,63,0.8181391858938285
2015-01-11_AA2246,2015-01-11,AA,ORD,PBI,10:10,0.44189006310381274,0,none,-8.0,46.0,0.0,0.0,0.0,23.8,39,0.21403113862314763
2015-01-11_UA458,2015-01-11,UA,DEN,BZN,18:45,0.44158043786995155,1,carrier,-14.0,,0.0,0.0,0.0,5.8,44,0.539187790998448
2015-01-11_WN827,2015-01-11,WN,DEN,JAX,13:55,0.4414971975483298,0,none,12.0,,0.0,0.07,0.0,6.1,25,0.20382824624935333
2015-01-10_EV6069,2015-01-10,EV,ORD,PWM,13:15,0.44140962477768403,0,none,-4.0,,0.0,0.0,0.0,39.2,63,0.8181391858938285
2015-01-11_OO5178,2015-01-11,OO,ORD,AUS,08:33,0.4412924344196759,0,none,229.0,,44.0,0.0,0.0,25.6,50,0.49305946351528795
2015-01-10_EV6084,2015-01-10,EV,DEN,FAR,18:20,0.4411887908262302,0,none,38.0,,0.0,0.0,0.0,15.1,41,0.4905587170201759
2015-01-11_AA1685,2015-01-11,AA,ORD,MCO,12:55,0.44114810313906383,0,none,-4.0,,0.0,0.0,0.0,25.6,44,0.30547739636090787
2015-01-11_WN4655,2015-01-11,WN,DEN,SJC,12:10,0.44087707176333263,0,none,5.0,,0.0,0.0,0.0,7.6,45,0.5565183652353854
2015-01-11_DL1717,2015-01-11,DL,ORD,MSP,17:19,0.440786050093284,1,late_aircraft,11.0,,0.0,0.0,0.0,19.4,52,0.6072969424123054
2015-01-11_AA1074,2015-01-11,AA,ORD,FLL,14:55,0.4405485981976679,0,none,-7.0,219.0,0.0,0.0,0.0,25.9,34,0.10307634590133183
2015-01-11_OO6538,2015-01-11,OO,DEN,IDA,18:46,0.4403467050554829,1,carrier,4.0,354.0,0.0,0.0,0.0,5.8,44,0.539187790998448
2015-01-10_NK853,2015-01-10,NK,ORD,DEN,21:40,0.4403170684747946,0,none,-7.0,,0.0,0.0,0.0,36.0,10,0.020165072219095855
2015-01-11_DL1493,2015-01-11,DL,ORD,DTW,16:35,0.44020887232472494,0,none,-9.0,,0.0,0.0,0.0,20.9,51,0.5639654848996436
2015-01-11_OO6274,2015-01-11,OO,DEN,FAT,18:45,0.440192816181846,0,none,-3.0,115.0,0.0,0.0,0.0,5.8,44,0.539187790998448
2015-01-11_UA277,2015-01-11,UA,DEN,SFO,14:55,0.4399748988640487,0,none,10.0,54.0,0.0,0.07,0.0,5.0,27,0.28854112778065183
2015-01-11_AA1491,2015-01-11,AA,DEN,DFW,19:28,0.43990804500743447,0,nas,13.0,193.0,0.0,0.0,0.0,6.1,61,0.9094671495085359
2015-01-11_OO5624,2015-01-11,OO,DEN,PSC,11:15,0.4396570019998698,0,none,12.0,,0.0,0.0,0.0,12.6,52,0.6835230212105535
2015-01-10_OO6486,2015-01-10,OO,DEN,CPR,15:31,0.4395997051401173,0,none,54.0,197.0,0.0,0.0,0.0,10.8,32,0.36277806518365235
2015-01-11_OO4969,2015-01-11,OO,ORD,PIA,09:50,0.43956448033888107,0,none,12.0,,0.0,0.0,0.0,24.5,58,0.7106546614143688
2015-01-11_EV6171,2015-01-11,EV,DEN,GUC,11:06,0.43956139438365455,0,none,0.0,,0.0,0.0,0.0,12.6,52,0.6835230212105535
2015-01-11_US563,2015-01-11,US,ORD,PHX,17:05,0.4393764592637556,0,none,0.0,,0.0,0.0,0.0,19.4,52,0.6072969424123054
2015-01-11_EV4273,2015-01-11,EV,ORD,MCI,10:00,0.4393370656260721,0,none,-10.0,,0.0,0.0,0.0,23.8,39,0.21403113862314763
2015-01-11_AA313,2015-01-11,AA,DEN,DFW,12:10,0.4392728321912565,0,nas,15.0,,0.0,0.0,0.0,7.6,45,0.5565183652353854
2015-01-11_UA696,2015-01-11,UA,DEN,SAT,12:30,0.4391727308886835,0,none,-14.0,,0.0,0.0,0.0,7.6,45,0.5565183652353854
2015-01-11_UA675,2015-01-11,UA,ORD,DEN,08:15,0.43899542241856093,0,none,272.0,,87.0,0.0,0.0,25.6,50,0.49305946351528795
2015-01-11_OO5599,2015-01-11,OO,DEN,MFR,19:47,0.438982345051509,1,carrier,-4.0,419.0,0.0,0.0,0.0,6.1,61,0.9094671495085359
2015-01-11_OO5408,2015-01-11,OO,ORD,MKG,09:45,0.43858554610617906,0,none,8.0,,0.0,0.0,0.0,24.5,58,0.7106546614143688
2015-01-11_EV6045,2015-01-11,EV,ORD,TUL,10:05,0.4385587171741762,0,none,-6.0,,0.0,0.0,0.0,23.8,39,0.21403113862314763
2015-01-11_OO6318,2015-01-11,OO,ORD,ASE,09:55,0.43849929313914426,0,none,0.0,,0.0,0.0,0.0,24.5,58,0.7106546614143688
2015-01-11_UA490,2015-01-11,UA,DEN,IAH,12:37,0.43816651280262836,1,carrier,-13.0,,0.0,0.0,0.0,7.6,45,0.5565183652353854
2015-01-11_OO5232,2015-01-11,OO,DEN,BIS,19:43,0.43796881216795547,0,none,-8.0,151.0,0.0,0.0,0.0,6.1,61,0.9094671495085359
2015-01-11_AA1583,2015-01-11,AA,ORD,PHX,14:45,0.43775510571784476,0,none,-4.0,215.0,0.0,0.0,0.0,25.9,34,0.10307634590133183
2015-01-11_UA746,2015-01-11,UA,DEN,LAX,11:21,0.43775104593528796,1,none,-33.0,,0.0,0.0,0.0,12.6,52,0.6835230212105535
2015-01-11_UA592,2015-01-11,UA,DEN,MSP,12:45,0.4377302953414738,0,none,1.0,,0.0,0.0,0.0,7.6,45,0.5565183652353854
2015-01-11_WN514,2015-01-11,WN,DEN,LAS,12:05,0.4373594336985858,1,weather,0.0,,0.0,0.0,0.0,7.6,45,0.5565183652353854
2015-01-10_AA1432,2015-01-10,AA,ORD,CLT,15:17,0.4373316082654223,0,none,-22.0,248.0,0.0,0.0,0.0,35.3,42,0.2893453385856312
2015-01-10_AA2325,2015-01-10,AA,ORD,DFW,13:28,0.43732141509948813,1,late_aircraft,-7.0,154.0,0.0,0.0,0.0,39.2,63,0.8181391858938285
2015-01-10_OO5641,2015-01-10,OO,DEN,COS,20:21,0.4372727931610028,1,none,35.0,,0.0,0.0,0.0,17.3,19,0.11174340403517848
2015-01-10_F9783,2015-01-10,F9,DEN,LAS,18:35,0.43717856640126523,0,none,143.0,,0.0,0.0,0.0,15.1,41,0.4905587170201759
2015-01-10_UA1046,2015-01-10,UA,DEN,SFO,15:40,0.43716531858082436,0,none,66.0,,0.0,0.0,0.0,10.8,32,0.36277806518365235
2015-01-11_OO6473,2015-01-11,OO,DEN,EUG,11:05,0.4370591913353387,1,carrier,4.0,,0.0,0.0,0.0,12.6,52,0.6835230212105535
2015-01-10_OO6467,2015-01-10,OO,DEN,BZN,15:15,0.4368114560374912,1,carrier,27.0,147.0,0.0,0.0,0.0,10.8,32,0.36277806518365235
2015-01-10_UA1698,2015-01-10,UA,DEN,IAH,15:54,0.43665733344563895,0,nas,70.0,,0.0,0.0,0.0,10.8,32,0.36277806518365235
2015-01-10_AA2216,2015-01-10,AA,ORD,LAX,12:55,0.4365765034833075,0,none,0.0,,0.0,0.0,0.0,36.0,40,0.2473269555430501
2015-01-11_OO6281,2015-01-11,OO,DEN,ONT,11:22,0.43652331278140855,1,carrier,6.0,,0.0,0.0,0.0,12.6,52,0.6835230212105535
2015-01-11_AA1263,2015-01-11,AA,ORD,MIA,13:45,0.43650534987708745,0,none,-9.0,243.0,0.0,0.0,0.0,26.6,70,0.916619771149878
2015-01-11_AA1620,2015-01-11,AA,ORD,RDU,10:15,0.4364510748372311,0,none,0.0,,0.0,0.0,0.0,23.8,39,0.21403113862314763
2015-01-11_MQ3352,2015-01-11,MQ,ORD,XNA,07:55,0.4362630656380498,0,carrier,87.0,,0.0,0.0,0.0,25.9,28,0.0535546801725755
2015-01-11_WN369,2015-01-11,WN,DEN,SAT,13:10,0.43617990489935937,0,none,0.0,,0.0,0.07,0.0,6.1,25,0.20382824624935333
2015-01-11_OO6534,2015-01-11,OO,DEN,IDA,11:05,0.43573017346674164,1,carrier,3.0,,0.0,0.0,0.0,12.6,52,0.6835230212105535
2015-01-11_UA1684,2015-01-11,UA,ORD,LAX,08:41,0.43568766983347246,0,none,87.0,,0.0,0.0,0.0,25.6,50,0.49305946351528795
2015-01-11_OO5293,2015-01-11,OO,DEN,SGU,11:05,0.4355752863304434,1,carrier,0.0,,0.0,0.0,0.0,12.6,52,0.6835230212105535
2015-01-11_EV6108,2015-01-11,EV,DEN,AMA,19:50,0.43549688370557954,1,nas,-4.0,,0.0,0.0,0.0,6.1,61,0.9094671495085359
2015-01-11_OO6443,2015-01-11,OO,ORD,OKC,08:45,0.43549607550161157,1,none,77.0,,0.0,0.0,0.0,25.6,50,0.49305946351528795
2015-01-11_AA380,2015-01-11,AA,ORD,LGA,10:35,0.43546040107458733,0,none,0.0,,0.0,0.0,0.0,23.8,39,0.21403113862314763
2015-01-11_AA2319,2015-01-11,AA,ORD,DFW,10:52,0.43544190864757454,0,none,-1.0,,0.0,0.0,0.0,23.8,39,0.21403113862314763
2015-01-11_AA1430,2015-01-11,AA,ORD,MSP,14:25,0.43540868980617226,0,none,0.0,211.0,0.0,0.0,0.0,25.9,34,0.10307634590133183
2015-01-11_UA1295,2015-01-11,UA,DEN,IAH,13:30,0.43537396995013755,1,carrier,5.0,,0.0,0.07,0.0,6.1,25,0.20382824624935333
2015-01-11_OO5483,2015-01-11,OO,DEN,SLC,18:56,0.4353434010541778,1,none,0.0,,0.0,0.0,0.0,5.8,44,0.539187790998448
2015-01-11_WN336,2015-01-11,WN,DEN,TUL,13:20,0.43524310741592614,1,carrier,0.0,,0.0,0.07,0.0,6.1,25,0.20382824624935333
2015-01-11_WN1603,2015-01-11,WN,DEN,BOI,13:35,0.4352256764394161,0,none,0.0,,0.0,0.07,0.0,6.1,25,0.20382824624935333
2015-01-11_WN1980,2015-01-11,WN,DEN,AUS,20:55,0.4350338358518371,0,none,0.0,,0.0,0.0,0.0,6.8,14,0.06660631143300569
2015-01-10_AA368,2015-01-10,AA,ORD,LGA,13:20,0.4350137427591058,0,none,-10.0,226.0,0.0,0.0,0.0,39.2,63,0.8181391858938285
2015-01-11_WN1773,2015-01-11,WN,DEN,MCI,12:50,0.43500276885489614,0,none,-2.0,,0.0,0.0,0.0,7.6,45,0.5565183652353854
2015-01-11_EV6122,2015-01-11,EV,ORD,ATW,09:45,0.4349416138440135,0,none,-2.0,,0.0,0.0,0.0,24.5,58,0.7106546614143688
2015-01-11_EV4215,2015-01-11,EV,ORD,ORF,09:00,0.4347428390736088,0,none,12.0,,0.0,0.0,0.0,24.5,58,0.7106546614143688
2015-01-11_AA936,2015-01-11,AA,ORD,SAN,09:00,0.43462660308543516,0,none,0.0,,0.0,0.0,0.0,24.5,58,0.7106546614143688
2015-01-10_OO5545,2015-01-10,OO,DEN,ELP,15:10,0.43434325660573303,1,none,96.0,,0.0,0.0,0.0,10.8,32,0.36277806518365235
2015-01-11_OO5479,2015-01-11,OO,ORD,MBS,10:06,0.43433956122286466,0,none,2.0,,0.0,0.0,0.0,23.8,39,0.21403113862314763
2015-01-11_OO5537,2015-01-11,OO,DEN,FAT,11:30,0.43349333577573007,0,none,-8.0,,0.0,0.0,0.0,12.6,52,0.6835230212105535
2015-01-10_WN2768,2015-01-10,WN,DEN,LAX,16:35,0.43345609011198766,0,none,28.0,,0.0,0.0,0.0,13.3,23,0.188178996378686
2015-01-11_WN4143,2015-01-11,WN,DEN,OKC,12:20,0.43338642712198716,0,none,-3.0,,0.0,0.0,0.0,7.6,45,0.5565183652353854
2015-01-11_EV5960,2015-01-11,EV,DEN,LBB,19:46,0.4332201876411037,0,nas,5.0,192.0,0.0,0.0,0.0,6.1,61,0.9094671495085359
2015-01-11_WN134,2015-01-11,WN,DEN,STL,13:35,0.4329932169961054,0,none,0.0,,0.0,0.07,0.0,6.1,25,0.20382824624935333
2015-01-10_OO5483,2015-01-10,OO,DEN,SLC,18:56,0.43295737982130467,0,none,35.0,358.0,0.0,0.0,0.0,15.1,41,0.4905587170201759
2015-01-11_AA1172,2015-01-11,AA,ORD,DEN,09:50,0.4328934377495408,0,none,0.0,,0.0,0.0,0.0,24.5,58,0.7106546614143688
2015-01-10_UA812,2015-01-10,UA,DEN,DFW,15:15,0.4327339518792279,0,none,113.0,,0.0,0.0,0.0,10.8,32,0.36277806518365235
2015-01-11_MQ3628,2015-01-11,MQ,ORD,SDF,07:10,0.43272213006536886,0,none,31.0,,0.0,0.0,0.0,25.9,28,0.0535546801725755
2015-01-11_OO6532,2015-01-11,OO,DEN,BUR,11:10,0.432472442781617,0,none,-12.0,,0.0,0.0,0.0,12.6,52,0.6835230212105535
2015-01-11_NK761,2015-01-11,NK,ORD,MSP,09:05,0.43206570660769583,0,none,8.0,,0.0,0.0,0.0,24.5,58,0.7106546614143688
2015-01-11_OO5312,2015-01-11,OO,ORD,CMX,10:13,0.4319284296494825,0,none,-14.0,,0.0,0.0,0.0,23.8,39,0.21403113862314763
2015-01-11_OO6492,2015-01-11,OO,DEN,COD,18:45,0.4314550608593781,0,none,-7.0,359.0,0.0,0.0,0.0,5.8,44,0.539187790998448
2015-01-11_WN275,2015-01-11,WN,DEN,LAX,14:15,0.4314345825017333,0,none,0.0,,0.0,0.07,0.0,5.0,27,0.28854112778065183
2015-01-11_EV6110,2015-01-11,EV,ORD,MLI,09:45,0.4313747157107143,1,none,-7.0,,0.0,0.0,0.0,24.5,58,0.7106546614143688
2015-01-11_AA2485,2015-01-11,AA,ORD,PSP,09:50,0.43093308537318536,0,none,-1.0,,0.0,0.0,0.0,24.5,58,0.7106546614143688
2015-01-11_DL2540,2015-01-11,DL,ORD,MSP,15:19,0.4303320913593623,0,none,-8.0,,0.0,0.0,0.0,22.0,54,0.6468767585818795
2015-01-11_EV4270,2015-01-11,EV,DEN,COS,13:24,0.4303126954064265,0,none,0.0,,0.0,0.07,0.0,6.1,25,0.20382824624935333
2015-01-11_WN2199,2015-01-11,WN,DEN,LAS,20:20,0.4302937319569961,1,late_aircraft,0.0,,0.0,0.0,0.0,6.8,14,0.06660631143300569
2015-01-10_WN3572,2015-01-10,WN,DEN,SAN,20:05,0.4299586426762213,0,none,30.0,,0.0,0.0,0.0,17.3,19,0.11174340403517848
2015-01-11_DL1693,2015-01-11,DL,ORD,ATL,11:30,0.4299520750657374,0,none,0.0,,0.0,0.0,0.0,24.5,38,0.17792159069592947
2015-01-10_EV4509,2015-01-10,EV,ORD,BTV,21:00,0.4299057360537808,0,none,-7.0,265.0,0.0,0.0,0.0,36.0,10,0.020165072219095855
2015-01-11_AA1551,2015-01-11,AA,ORD,BOS,10:15,0.42975518076487845,0,none,-25.0,,0.0,0.0,0.0,23.8,39,0.21403113862314763
2015-01-11_F9190,2015-01-11,F9,DEN,FAR,15:53,0.4296375396395392,1,late_aircraft,57.0,208.0,0.0,0.0,0.0,5.4,49,0.6117434040351785
2015-01-11_UA1221,2015-01-11,UA,DEN,BOS,10:00,0.4295986593053991,1,carrier,0.0,,0.0,0.0,0.0,15.5,52,0.6835230212105535
2015-01-10_WN2723,2015-01-10,WN,DEN,PHL,16:45,0.4295271705982122,1,carrier,23.0,,0.0,0.0,0.0,13.3,23,0.188178996378686
2015-01-11_WN1051,2015-01-11,WN,DEN,SAN,14:40,0.42945645297488305,0,none,2.0,,0.0,0.07,0.0,5.0,27,0.28854112778065183
2015-01-11_OO5595,2015-01-11,OO,DEN,AUS,12:45,0.42943143189873484,1,late_aircraft,0.0,,0.0,0.0,0.0,7.6,45,0.5565183652353854
2015-01-10_WN3494,2015-01-10,WN,DEN,PHX,20:15,0.4288967825625639,0,none,46.0,,0.0,0.0,0.0,17.3,19,0.11174340403517848
2015-01-11_OO4971,2015-01-11,OO,DEN,MOT,14:56,0.4288888525037876,1,carrier,-4.0,110.0,0.0,0.07,0.0,5.0,27,0.28854112778065183
2015-01-10_UA582,2015-01-10,UA,ORD,TPA,14:19,0.4287683057685885,1,none,5.0,,0.0,0.0,0.0,36.7,23,0.027762145938848248
2015-01-10_OO6488,2015-01-10,OO,DEN,ASE,15:57,0.428492867897366,0,none,36.0,246.0,0.0,0.0,0.0,10.8,32,0.36277806518365235
2015-01-11_DL2485,2015-01-11,DL,ORD,SLC,13:40,0.42843311046524934,0,none,0.0,,0.0,0.0,0.0,26.6,70,0.916619771149878
2015-01-11_NK815,2015-01-11,NK,ORD,MSY,08:05,0.4283244439557219,0,none,99.0,,0.0,0.0,0.0,25.6,50,0.49305946351528795
2015-01-11_WN2265,2015-01-11,WN,DEN,EWR,14:30,0.428312200755332,1,late_aircraft,-9.0,,0.0,0.07,0.0,5.0,27,0.28854112778065183
2015-01-11_OO5320,2015-01-11,OO,DEN,MAF,14:10,0.4281920996718253,0,none,-4.0,104.0,0.0,0.07,0.0,5.0,27,0.28854112778065183
2015-01-11_UA1747,2015-01-11,UA,ORD,MIA,08:55,0.4280991546251779,0,none,79.0,,0.0,0.0,0.0,25.6,50,0.49305946351528795
2015-01-11_F91066,2015-01-11,F9,DEN,ORD,14:50,0.428019595336983,0,none,32.0,,0.0,0.07,0.0,5.0,27,0.28854112778065183
2015-01-11_EV4601,2015-01-11,EV,DEN,LBB,11:03,0.42794575659389783,1,carrier,-13.0,,0.0,0.0,0.0,12.6,52,0.6835230212105535
2015-01-10_AA1644,2015-01-10,AA,ORD,SNA,13:45,0.4278923363496981,0,none,-9.0,243.0,0.0,0.0,0.0,39.2,63,0.8181391858938285
2015-01-11_AA1172,2015-01-11,AA,DEN,ORD,12:10,0.42788310773015276,0,none,-6.0,47.0,0.0,0.0,0.0,7.6,45,0.5565183652353854
2015-01-11_WN250,2015-01-11,WN,DEN,MDW,13:00,0.4278233586785204,0,none,-15.0,,0.0,0.07,0.0,6.1,25,0.20382824624935333
2015-01-11_AA1452,2015-01-11,AA,ORD,DCA,10:25,0.4275714738518558,0,none,-7.0,,0.0,0.0,0.0,23.8,39,0.21403113862314763
2015-01-11_WN1740,2015-01-11,WN,DEN,CAK,10:55,0.427415686046892,0,none,26.0,,0.0,0.0,0.0,15.5,52,0.6835230212105535
2015-01-11_EV5906,2015-01-11,EV,DEN,FAR,19:45,0.42737785697615494,0,nas,-15.0,,0.0,0.0,0.0,6.1,61,0.9094671495085359
2015-01-11_OO4671,2015-01-11,OO,DEN,SLC,11:46,0.4272441412610432,0,none,0.0,,0.0,0.0,0.0,12.6,52,0.6835230212105535
2015-01-11_AA1169,2015-01-11,AA,ORD,LAX,09:55,0.4272214578608439,0,none,-15.0,,0.0,0.0,0.0,24.5,58,0.7106546614143688
2015-01-11_UA1659,2015-01-11,UA,DEN,IAH,14:50,0.42715906543152454,1,carrier,0.0,,0.0,0.07,0.0,5.0,27,0.28854112778065183
2015-01-10_DL1677,2015-01-10,DL,ORD,ATL,15:30,0.42713531095742197,0,none,-26.0,286.0,0.0,0.0,0.0,35.3,42,0.2893453385856312
2015-01-11_UA1543,2015-01-11,UA,DEN,OMA,20:29,0.42708970478674496,0,none,1.0,,0.0,0.0,0.0,6.8,14,0.06660631143300569
2015-01-11_AS677,2015-01-11,AS,DEN,SEA,12:00,0.42702365182887897,0,none,0.0,,0.0,0.0,0.0,7.6,45,0.5565183652353854
2015-01-11_NK630,2015-01-11,NK,DEN,ORD,13:40,0.42690558595025463,0,nas,-22.0,51.0,0.0,0.07,0.0,6.1,25,0.20382824624935333
2015-01-11_WN1249,2015-01-11,WN,DEN,RNO,14:25,0.4268646011387002,0,none,0.0,,0.0,0.07,0.0,5.0,27,0.28854112778065183
2015-01-11_UA732,2015-01-11,UA,DEN,IAD,14:00,0.42633414098333094,0,none,-10.0,,0.0,0.07,0.0,5.0,27,0.28854112778065183
2015-01-11_AA1538,2015-01-11,AA,ORD,TUS,09:20,0.4256159648731539,0,none,-4.0,,0.0,0.0,0.0,24.5,58,0.7106546614143688
2015-01-11_UA420,2015-01-11,UA,DEN,ORD,13:54,0.42556366575013777,0,none,-24.0,,0.0,0.07,0.0,6.1,25,0.20382824624935333
2015-01-11_WN730,2015-01-11,WN,DEN,SLC,13:10,0.42544887699314604,0,none,0.0,,0.0,0.07,0.0,6.1,25,0.20382824624935333
2015-01-10_F91285,2015-01-10,F9,ORD,LAS,21:35,0.4254064915847839,0,none,9.0,275.0,0.0,0.0,0.0,36.0,10,0.020165072219095855
2015-01-11_F9806,2015-01-11,F9,DEN,PBI,10:45,0.42469565728178355,0,none,62.0,,0.0,0.0,0.0,15.5,52,0.6835230212105535
2015-01-11_WN805,2015-01-11,WN,DEN,MSP,13:25,0.4246250567983471,0,none,-9.0,,0.0,0.07,0.0,6.1,25,0.20382824624935333
2015-01-11_OO5206,2015-01-11,OO,DEN,SJC,11:05,0.42444635355233695,0,none,-4.0,,0.0,0.0,0.0,12.6,52,0.6835230212105535
2015-01-11_OO5231,2015-01-11,OO,DEN,SLC,15:35,0.424095700479593,0,none,29.0,167.0,0.0,0.0,0.0,5.4,49,0.6117434040351785
2015-01-11_EV6116,2015-01-11,EV,DEN,MOT,12:30,0.4240301915672592,0,none,-9.0,,0.0,0.0,0.0,7.6,45,0.5565183652353854
2015-01-10_F9793,2015-01-10,F9,DEN,PDX,17:30,0.4240038685742903,0,none,41.0,,0.0,0.0,0.0,14.4,25,0.20382824624935333
2015-01-11_OO6207,2015-01-11,OO,DEN,JAC,19:08,0.42363667096048596,1,late_aircraft,-11.0,,0.0,0.0,0.0,6.1,61,0.9094671495085359
2015-01-11_WN4637,2015-01-11,WN,DEN,LAX,21:05,0.42363154777054224,0,none,0.0,,0.0,0.07,0.0,9.7,26,0.23706673564407657
2015-01-11_UA1656,2015-01-11,UA,DEN,IAH,14:00,0.4233565864201406,0,none,-6.0,,0.0,0.07,0.0,5.0,27,0.28854112778065183
2015-01-10_UA1061,2015-01-10,UA,DEN,IAH,14:50,0.42332555358793783,1,carrier,266.0,,81.0,0.0,0.0,13.0,19,0.11174340403517848
2015-01-11_WN410,2015-01-11,WN,DEN,SNA,12:00,0.4226142358255161,0,none,-7.0,,0.0,0.0,0.0,7.6,45,0.5565183652353854
2015-01-11_AA1516,2015-01-11,AA,ORD,MSP,09:50,0.4225569536929284,0,none,-1.0,,0.0,0.0,0.0,24.5,58,0.7106546614143688
2015-01-11_UA469,2015-01-11,UA,DEN,EWR,17:44,0.422484808906192,1,none,2.0,,0.0,0.0,0.0,5.4,35,0.37558199689601657
2015-01-11_OO5310,2015-01-11,OO,DEN,GCC,19:51,0.42248349274440766,1,none,-8.0,363.0,0.0,0.0,0.0,6.1,61,0.9094671495085359
2015-01-11_OO6192,2015-01-11,OO,DEN,SBA,12:04,0.4217689817173607,1,none,-13.0,,0.0,0.0,0.0,7.6,45,0.5565183652353854
2015-01-10_US563,2015-01-10,US,ORD,PHX,17:05,0.42128811372883335,1,none,-23.0,,0.0,0.0,0.0,32.4,24,0.03442130932282874
2015-01-11_WN1049,2015-01-11,WN,DEN,SFO,21:10,0.42114374926753473,1,late_aircraft,6.0,,0.0,0.07,0.0,9.7,26,0.23706673564407657
2015-01-10_AA1402,2015-01-10,AA,ORD,RDU,21:10,0.4211403920348271,0,none,-5.0,220.0,0.0,0.0,0.0,36.0,10,0.020165072219095855
2015-01-11_OO5185,2015-01-11,OO,DEN,BOI,11:25,0.42112952631387823,1,carrier,-10.0,,0.0,0.0,0.0,12.6,52,0.6835230212105535
2015-01-11_WN555,2015-01-11,WN,DEN,TUS,21:05,0.42107504963190556,0,none,0.0,,0.0,0.07,0.0,9.7,26,0.23706673564407657
2015-01-11_DL2008,2015-01-11,DL,DEN,MSP,18:00,0.4206605102286829,0,none,0.0,,0.0,0.0,0.0,5.8,44,0.539187790998448
2015-01-11_WN45,2015-01-11,WN,DEN,DAL,14:10,0.4205193422198493,0,none,-16.0,,0.0,0.07,0.0,5.0,27,0.28854112778065183
2015-01-11_OO5341,2015-01-11,OO,DEN,RKS,19:10,0.42048182834609227,1,carrier,-19.0,385.0,0.0,0.0,0.0,6.1,61,0.9094671495085359
2015-01-10_AA1587,2015-01-10,AA,ORD,LAS,21:25,0.42042176873721987,0,none,-12.0,,0.0,0.0,0.0,36.0,10,0.020165072219095855
2015-01-11_AA316,2015-01-11,AA,DEN,DFW,13:23,0.4204201767397941,0,none,-7.0,,0.0,0.07,0.0,6.1,25,0.20382824624935333
2015-01-11_UA471,2015-01-11,UA,ORD,SFO,08:40,0.4203665608848957,1,none,16.0,,0.0,0.0,0.0,25.6,50,0.49305946351528795
2015-01-11_UA948,2015-01-11,UA,DEN,GEG,22:00,0.42028524712502524,0,none,-3.0,,0.0,0.07,0.0,17.6,9,0.031427832384893946
2015-01-11_OO5502,2015-01-11,OO,DEN,OMA,12:30,0.4202450959587991,0,none,-6.0,187.0,0.0,0.0,0.0,7.6,45,0.5565183652353854
2015-01-11_AA1435,2015-01-11,AA,ORD,SFO,08:40,0.4202030029460793,0,none,46.0,,0.0,0.0,0.0,25.6,50,0.49305946351528795
2015-01-11_F9407,2015-01-11,F9,DEN,LAX,17:20,0.41985227870503444,0,none,24.0,,0.0,0.0,0.0,5.4,35,0.37558199689601657
2015-01-11_DL393,2015-01-11,DL,ORD,ATL,12:45,0.41981354613483735,0,none,0.0,,0.0,0.0,0.0,25.6,44,0.30547739636090787
2015-01-11_WN1451,2015-01-11,WN,DEN,OAK,21:10,0.4197771091813031,1,none,1.0,,0.0,0.07,0.0,9.7,26,0.23706673564407657
2015-01-11_OO6499,2015-01-11,OO,DEN,CPR,18:45,0.41920610483828136,0,none,-11.0,152.0,0.0,0.0,0.0,5.8,44,0.539187790998448
2015-01-11_OO5450,2015-01-11,OO,DEN,LAR,12:57,0.4189684705349437,0,none,-11.0,,0.0,0.0,0.0,7.6,45,0.5565183652353854
2015-01-11_EV4244,2015-01-11,EV,DEN,OKC,13:21,0.41894551591794815,0,none,-13.0,121.0,0.0,0.07,0.0,6.1,25,0.20382824624935333
2015-01-11_UA1228,2015-01-11,UA,DEN,PDX,15:26,0.4189408761325793,1,none,20.0,,0.0,0.0,0.0,5.4,49,0.6117434040351785
2015-01-11_WN1717,2015-01-11,WN,DEN,ONT,21:05,0.41866136176547725,0,none,1.0,,0.0,0.07,0.0,9.7,26,0.23706673564407657
2015-01-11_DL912,2015-01-11,DL,ORD,ATL,14:00,0.4183992103245099,0,none,-7.0,,0.0,0.0,0.0,25.9,34,0.10307634590133183
2015-01-10_F9116,2015-01-10,F9,DEN,MSP,20:48,0.41825467622391693,1,nas,63.0,,0.0,0.0,0.0,17.3,19,0.11174340403517848
2015-01-11_WN2345,2015-01-11,WN,DEN,PHX,20:00,0.4182493371702189,0,none,-16.0,,0.0,0.0,0.0,6.8,14,0.06660631143300569
2015-01-11_WN2765,2015-01-11,WN,DEN,SEA,21:05,0.41798839841587365,0,none,-9.0,,0.0,0.07,0.0,9.7,26,0.23706673564407657
2015-01-11_WN2783,2015-01-11,WN,DEN,IND,10:10,0.4178802307941761,0,none,18.0,,0.0,0.0,0.0,15.5,52,0.6835230212105535
2015-01-11_UA781,2015-01-11,UA,DEN,LAX,10:08,0.41745754484760506,0,none,9.0,,0.0,0.0,0.0,15.5,52,0.6835230212105535
2015-01-11_WN368,2015-01-11,WN,DEN,OAK,12:00,0.41745719554048044,0,none,-9.0,,0.0,0.0,0.0,7.6,45,0.5565183652353854
2015-01-11_EV5942,2015-01-11,EV,DEN,MTJ,19:05,0.41728561808184084,1,weather,-7.0,187.0,0.0,0.0,0.0,6.1,61,0.9094671495085359
2015-01-11_UA1698,2015-01-11,UA,DEN,BOS,17:17,0.41723143469950047,0,none,0.0,,0.0,0.0,0.0,5.4,35,0.37558199689601657
2015-01-11_OO5579,2015-01-11,OO,ORD,MSP,08:21,0.41690385088455023,0,none,63.0,,0.0,0.0,0.0,25.6,50,0.49305946351528795
2015-01-11_WN371,2015-01-11,WN,DEN,BUR,12:00,0.416783821503317,0,none,-20.0,,0.0,0.0,0.0,7.6,45,0.5565183652353854
2015-01-10_US643,2015-01-10,US,ORD,CLT,15:59,0.41636460241244017,0,none,13.0,,0.0,0.0,0.0,35.3,42,0.2893453385856312
2015-01-11_WN4013,2015-01-11,WN,DEN,AUS,12:05,0.41614199570244365,0,none,-14.0,,0.0,0.0,0.0,7.6,45,0.5565183652353854
2015-01-10_AA1685,2015-01-10,AA,ORD,MCO,12:55,0.4159938979444299,1,late_aircraft,-7.0,,0.0,0.0,0.0,36.0,40,0.2473269555430501
2015-01-11_OO5218,2015-01-11,OO,DEN,ISN,14:21,0.415797099131372,0,none,-3.0,104.0,0.0,0.07,0.0,5.0,27,0.28854112778065183
2015-01-11_EV4336,2015-01-11,EV,DEN,TUS,11:14,0.41548914929151254,1,late_aircraft,-13.0,,0.0,0.0,0.0,12.6,52,0.6835230212105535
2015-01-11_WN1027,2015-01-11,WN,DEN,SJC,21:10,0.4154253031940122,0,none,0.0,,0.0,0.07,0.0,9.7,26,0.23706673564407657
2015-01-10_DL2485,2015-01-10,DL,ORD,SLC,13:40,0.4154248814060566,0,none,0.0,,0.0,0.0,0.0,39.2,63,0.8181391858938285
2015-01-11_NK719,2015-01-11,NK,DEN,LAS,18:45,0.41516859245014426,1,nas,-23.0,419.0,0.0,0.0,0.0,5.8,44,0.539187790998448
2015-01-11_EV6137,2015-01-11,EV,DEN,GJT,11:10,0.4148778676248096,0,none,-17.0,,0.0,0.0,0.0,12.6,52,0.6835230212105535
2015-01-11_MQ3030,2015-01-11,MQ,ORD,BUF,07:45,0.4146877379985469,1,none,0.0,,0.0,0.0,0.0,25.9,28,0.0535546801725755
2015-01-11_AA1192,2015-01-11,AA,ORD,LAX,08:00,0.4145477027588766,0,none,35.0,,0.0,0.0,0.0,25.6,50,0.49305946351528795
2015-01-11_EV3933,2015-01-11,EV,DEN,CLE,14:24,0.41415957843533086,0,none,8.0,134.0,0.0,0.07,0.0,5.0,27,0.28854112778065183
2015-01-11_AA1151,2015-01-11,AA,DEN,DFW,14:46,0.4141335353660402,1,late_aircraft,0.0,,0.0,0.07,0.0,5.0,27,0.28854112778065183
2015-01-11_UA268,2015-01-11,UA,DEN,SFO,10:05,0.4140735054139434,0,none,3.0,,0.0,0.0,0.0,15.5,52,0.6835230212105535
2015-01-11_MQ3392,2015-01-11,MQ,ORD,CLE,07:30,0.4139976569777295,0,none,0.0,,0.0,0.0,0.0,25.9,28,0.0535546801725755
2015-01-11_WN4732,2015-01-11,WN,DEN,MDW,21:30,0.4139209835180429,0,none,-11.0,,0.0,0.07,0.0,9.7,26,0.23706673564407657
2015-01-11_OO5166,2015-01-11,OO,DEN,BIS,14:25,0.41362429518120414,0,none,7.0,,0.0,0.07,0.0,5.0,27,0.28854112778065183
2015-01-11_UA815,2015-01-11,UA,DEN,LAX,22:01,0.41238251024826017,0,none,-13.0,345.0,0.0,0.07,0.0,17.6,9,0.031427832384893946
2015-01-11_OO5540,2015-01-11,OO,DEN,COS,20:21,0.4122852005569548,1,weather,3.0,187.0,0.0,0.0,0.0,6.8,14,0.06660631143300569
2015-01-10_OO5619,2015-01-10,OO,DEN,HLN,19:52,0.41215309563871055,0,none,29.0,233.0,0.0,0.0,0.0,14.8,19,0.11174340403517848
2015-01-11_OO5390,2015-01-11,OO,DEN,GCC,11:05,0.41199404998468353,0,none,-21.0,,0.0,0.0,0.0,12.6,52,0.6835230212105535
2015-01-11_UA303,2015-01-11,UA,DEN,LGA,10:21,0.4119781305799434,0,none,-11.0,,0.0,0.0,0.0,15.5,52,0.6835230212105535
2015-01-11_OO6377,2015-01-11,OO,DEN,CPR,11:07,0.4119483758057939,0,none,-17.0,,0.0,0.0,0.0,12.6,52,0.6835230212105535
2015-01-10_UA490,2015-01-10,UA,DEN,IAH,13:32,0.41188668927068117,1,carrier,26.0,124.0,0.0,0.0,0.0,16.2,20,0.13954992240041386
2015-01-11_UA1425,2015-01-11,UA,DEN,EWR,10:15,0.4115962847168206,0,none,-20.0,,0.0,0.0,0.0,15.5,52,0.6835230212105535
2015-01-10_OO6492,2015-01-10,OO,DEN,COD,18:45,0.41157825735119064,0,none,20.0,,0.0,0.0,0.0,15.1,41,0.4905587170201759
2015-01-11_MQ2981,2015-01-11,MQ,ORD,RIC,07:45,0.4115552281087682,0,none,0.0,,0.0,0.0,0.0,25.9,28,0.0535546801725755
2015-01-11_OO4479,2015-01-11,OO,DEN,SLC,13:00,0.4115444470635691,0,none,-9.0,,0.0,0.07,0.0,6.1,25,0.20382824624935333
2015-01-11_OO6514,2015-01-11,OO,DEN,CPR,21:58,0.4115291570167462,0,none,0.0,178.0,0.0,0.07,0.0,9.7,26,0.23706673564407657
2015-01-11_UA1561,2015-01-11,UA,ORD,STT,08:47,0.4112827122516589,0,none,9.0,,0.0,0.0,0.0,25.6,50,0.49305946351528795
2015-01-11_WN1529,2015-01-11,WN,DEN,BOI,21:35,0.4106154296728524,0,none,-10.0,200.0,0.0,0.07,0.0,9.7,26,0.23706673564407657
2015-01-11_UA1491,2015-01-11,UA,DEN,IAD,10:05,0.41047091195604407,1,carrier,-8.0,,0.0,0.0,0.0,15.5,52,0.6835230212105535
2015-01-11_AA395,2015-01-11,AA,ORD,SJU,08:30,0.41023586488354946,0,nas,30.0,,0.0,0.0,0.0,25.6,50,0.49305946351528795
2015-01-11_UA1643,2015-01-11,UA,DEN,BWI,09:57,0.40997216184713087,1,carrier,40.0,,0.0,0.0,0.0,16.9,20,0.13954992240041386
2015-01-11_F9777,2015-01-11,F9,DEN,LAS,14:04,0.4098592083217332,1,nas,20.0,,0.0,0.07,0.0,5.0,27,0.28854112778065183
2015-01-11_US742,2015-01-11,US,ORD,PHL,13:55,0.4096499987852672,0,none,0.0,,0.0,0.0,0.0,26.6,70,0.916619771149878
2015-01-11_UA381,2015-01-11,UA,DEN,FLL,10:05,0.4094248270009741,0,none,-15.0,,0.0,0.0,0.0,15.5,52,0.6835230212105535
2015-01-11_US758,2015-01-11,US,ORD,PHL,12:00,0.40938683717850166,0,none,0.0,,0.0,0.0,0.0,25.6,44,0.30547739636090787
2015-01-11_EV4277,2015-01-11,EV,DEN,OMA,15:05,0.4091139720002118,0,none,19.0,199.0,0.0,0.0,0.0,5.4,49,0.6117434040351785
2015-01-11_UA740,2015-01-11,UA,DEN,MSY,10:01,0.409027129924346,0,none,-5.0,,0.0,0.0,0.0,15.5,52,0.6835230212105535
2015-01-11_OO6415,2015-01-11,OO,DEN,GTF,12:15,0.40889561300558397,1,late_aircraft,-15.0,,0.0,0.0,0.0,7.6,45,0.5565183652353854
2015-01-11_WN3415,2015-01-11,WN,DEN,LGA,17:55,0.4088546755157647,1,carrier,0.0,,0.0,0.0,0.0,5.4,35,0.37558199689601657
2015-01-11_UA1220,2015-01-11,UA,DEN,PHL,10:02,0.4088026994214732,1,carrier,-5.0,,0.0,0.0,0.0,15.5,52,0.6835230212105535
2015-01-11_WN763,2015-01-11,WN,DEN,LGA,10:55,0.4087927150886209,0,none,0.0,,0.0,0.0,0.0,15.5,52,0.6835230212105535
2015-01-11_UA1186,2015-01-11,UA,DEN,LGA,17:30,0.40870571327265687,0,none,1.0,,0.0,0.0,0.0,5.4,35,0.37558199689601657
2015-01-11_WN1268,2015-01-11,WN,DEN,SLC,21:05,0.40865884776321304,0,carrier,0.0,,0.0,0.07,0.0,9.7,26,0.23706673564407657
2015-01-11_UA756,2015-01-11,UA,DEN,IAH,10:00,0.40841190298038144,0,none,-7.0,,0.0,0.0,0.0,15.5,52,0.6835230212105535
2015-01-11_WN3041,2015-01-11,WN,DEN,BWI,10:20,0.40807374843879946,0,none,0.0,,0.0,0.0,0.0,15.5,52,0.6835230212105535
2015-01-11_WN567,2015-01-11,WN,DEN,PHX,21:05,0.40804419466319275,0,none,9.0,,0.0,0.07,0.0,9.7,26,0.23706673564407657
2015-01-11_UA1192,2015-01-11,UA,DEN,TPA,10:52,0.4077956101978917,0,none,-13.0,,0.0,0.0,0.0,15.5,52,0.6835230212105535
2015-01-11_WN436,2015-01-11,WN,DEN,CMH,10:15,0.40768049751149527,0,none,1.0,,0.0,0.0,0.0,15.5,52,0.6835230212105535
2015-01-11_WN1723,2015-01-11,WN,DEN,LAX,10:50,0.40711281600655846,0,none,-11.0,,0.0,0.0,0.0,15.5,52,0.6835230212105535
2015-01-11_WN601,2015-01-11,WN,DEN,MCI,10:20,0.40709898661112054,0,none,1.0,,0.0,0.0,0.0,15.5,52,0.6835230212105535
2015-01-11_US409,2015-01-11,US,ORD,PHX,14:05,0.40687372380602177,0,none,-17.0,,0.0,0.0,0.0,25.9,34,0.10307634590133183
2015-01-11_B6994,2015-01-11,B6,DEN,BOS,23:22,0.40668391996243985,1,late_aircraft,0.0,,0.0,0.0,0.0,19.8,7,0.01720124159337817
2015-01-11_EV4578,2015-01-11,EV,DEN,BHM,10:40,0.40658124523000294,1,carrier,13.0,,0.0,0.0,0.0,15.5,52,0.6835230212105535
2015-01-11_WN599,2015-01-11,WN,DEN,SDF,10:30,0.40617122249461257,0,none,0.0,,0.0,0.0,0.0,15.5,52,0.6835230212105535
2015-01-11_WN4168,2015-01-11,WN,DEN,DTW,10:10,0.4059031529832304,0,none,2.0,,0.0,0.0,0.0,15.5,52,0.6835230212105535
2015-01-11_DL2183,2015-01-11,DL,ORD,ATL,10:15,0.4057544266283546,0,none,0.0,,0.0,0.0,0.0,23.8,39,0.21403113862314763
2015-01-11_WN475,2015-01-11,WN,DEN,SMF,17:35,0.4057142073765327,1,none,-8.0,,0.0,0.0,0.0,5.4,35,0.37558199689601657
2015-01-11_UA1151,2015-01-11,UA,ORD,LAS,08:14,0.4055644370558504,0,nas,0.0,,0.0,0.0,0.0,25.6,50,0.49305946351528795
2015-01-11_WN277,2015-01-11,WN,DEN,MDW,10:45,0.4054214624699826,0,none,0.0,,0.0,0.0,0.0,15.5,52,0.6835230212105535
2015-01-11_EV3960,2015-01-11,EV,DEN,HSV,10:57,0.4053248979011777,0,none,0.0,,0.0,0.0,0.0,15.5,52,0.6835230212105535
2015-01-11_EV6073,2015-01-11,EV,DEN,BNA,10:05,0.40502988050036426,0,none,0.0,,0.0,0.0,0.0,15.5,52,0.6835230212105535
2015-01-10_WN3597,2015-01-10,WN,DEN,MCO,16:45,0.40484761866627583,0,none,18.0,,0.0,0.0,0.0,13.3,23,0.188178996378686
2015-01-11_NK939,2015-01-11,NK,DEN,PHX,12:40,0.40483562911445203,0,none,-16.0,,0.0,0.0,0.0,7.6,45,0.5565183652353854
2015-01-11_F9265,2015-01-11,F9,DEN,SNA,18:50,0.4045822895804175,0,none,1.0,283.0,0.0,0.0,0.0,5.8,44,0.539187790998448
2015-01-11_OO6497,2015-01-11,OO,DEN,LIT,12:30,0.40426329176526304,0,none,-15.0,,0.0,0.0,0.0,7.6,45,0.5565183652353854
2015-01-11_OO4989,2015-01-11,OO,DEN,LNK,10:00,0.4042423446423985,0,none,6.0,,0.0,0.0,0.0,15.5,52,0.6835230212105535
2015-01-11_UA1688,2015-01-11,UA,ORD,SJU,08:25,0.4034300009177857,0,none,-27.0,,0.0,0.0,0.0,25.6,50,0.49305946351528795
2015-01-11_WN226,2015-01-11,WN,DEN,MDW,17:50,0.40324238897298087,1,carrier,0.0,,0.0,0.0,0.0,5.4,35,0.37558199689601657
2015-01-11_OO5340,2015-01-11,OO,DEN,MAF,22:00,0.40313492403355106,0,none,1.0,,0.0,0.07,0.0,17.6,9,0.031427832384893946
2015-01-11_F9718,2015-01-11,F9,DEN,DCA,11:30,0.40307376487894897,0,none,16.0,379.0,0.0,0.0,0.0,12.6,52,0.6835230212105535
2015-01-11_WN402,2015-01-11,WN,DEN,OAK,17:45,0.4030563226164431,1,carrier,7.0,,0.0,0.0,0.0,5.4,35,0.37558199689601657
2015-01-11_DL1511,2015-01-11,DL,DEN,DTW,11:43,0.40285398978766324,0,none,0.0,,0.0,0.0,0.0,12.6,52,0.6835230212105535
2015-01-11_OO5657,2015-01-11,OO,DEN,SGF,10:07,0.4026204830215542,0,nas,0.0,,0.0,0.0,0.0,15.5,52,0.6835230212105535
2015-01-11_UA1581,2015-01-11,UA,DEN,SFO,17:27,0.4024600781675793,1,late_aircraft,0.0,,0.0,0.0,0.0,5.4,35,0.37558199689601657
2015-01-11_AA112,2015-01-11,AA,DEN,MIA,10:30,0.40236818822573645,1,nas,0.0,,0.0,0.0,0.0,15.5,52,0.6835230212105535
2015-01-11_UA725,2015-01-11,UA,ORD,PHX,08:07,0.4021415076906737,0,none,11.0,,0.0,0.0,0.0,25.6,50,0.49305946351528795
2015-01-11_WN4425,2015-01-11,WN,DEN,BNA,17:25,0.4015886038911773,0,none,0.0,140.0,0.0,0.0,0.0,5.4,35,0.37558199689601657
2015-01-11_WN2085,2015-01-11,WN,DEN,MSY,10:15,0.4013234537997408,0,none,-13.0,,0.0,0.0,0.0,15.5,52,0.6835230212105535
2015-01-11_US407,2015-01-11,US,ORD,PHX,10:55,0.40126319933346927,0,none,0.0,,0.0,0.0,0.0,23.8,39,0.21403113862314763
2015-01-11_NK121,2015-01-11,NK,ORD,RSW,08:35,0.40124686723667097,0,none,15.0,,0.0,0.0,0.0,25.6,50,0.49305946351528795
2015-01-10_OO4969,2015-01-10,OO,ORD,MCI,14:40,0.40097638727126,0,none,-5.0,105.0,0.0,0.0,0.0,36.7,23,0.027762145938848248
2015-01-11_EV4860,2015-01-11,EV,DEN,LFT,09:55,0.40075699593041514,0,none,34.0,,0.0,0.0,0.0,16.9,20,0.13954992240041386
2015-01-11_OO6288,2015-01-11,OO,DEN,ATL,13:44,0.40070277921114905,0,none,-14.0,,0.0,0.07,0.0,6.1,25,0.20382824624935333
2015-01-11_EV6035,2015-01-11,EV,DEN,DRO,14:19,0.4005025103413565,1,late_aircraft,-15.0,,0.0,0.07,0.0,5.0,27,0.28854112778065183
2015-01-11_OO6332,2015-01-11,OO,DEN,FSD,14:28,0.4004942531757632,1,carrier,-12.0,,0.0,0.07,0.0,5.0,27,0.28854112778065183
2015-01-10_US742,2015-01-10,US,ORD,PHL,13:55,0.40048765374556805,0,none,0.0,,0.0,0.0,0.0,39.2,63,0.8181391858938285
2015-01-11_WN4541,2015-01-11,WN,DEN,LAX,16:45,0.40003105759481083,0,none,4.0,,0.0,0.0,0.0,5.4,12,0.053414381789963786
2015-01-11_OO5659,2015-01-11,OO,DEN,OKC,10:00,0.3998739888131238,1,none,-2.0,,0.0,0.0,0.0,15.5,52,0.6835230212105535
2015-01-10_OO5449,2015-01-10,OO,DEN,RKS,12:55,0.3998587332889023,0,none,59.0,247.0,0.0,0.0,0.0,18.0,29,0.33122090015519917
2015-01-11_OO6251,2015-01-11,OO,DEN,CVG,10:00,0.39973950071756065,1,carrier,0.0,,0.0,0.0,0.0,15.5,52,0.6835230212105535
2015-01-11_UA405,2015-01-11,UA,ORD,MSY,08:05,0.398904009594757,0,none,0.0,,0.0,0.0,0.0,25.6,50,0.49305946351528795
2015-01-10_OO2643,2015-01-10,OO,ORD,CHO,14:25,0.3988310071168961,1,weather,0.0,,0.0,0.0,0.0,36.7,23,0.027762145938848248
2015-01-11_DL2205,2015-01-11,DL,ORD,DTW,09:00,0.3983827274005491,0,none,0.0,,0.0,0.0,0.0,24.5,58,0.7106546614143688
2015-01-11_OO6378,2015-01-11,OO,ORD,MSN,08:30,0.39836007531686124,0,none,14.0,,0.0,0.0,0.0,25.6,50,0.49305946351528795
2015-01-10_B6312,2015-01-10,B6,ORD,BOS,14:30,0.3981654656045227,0,none,0.0,,0.0,0.0,0.0,36.7,23,0.027762145938848248
2015-01-11_EV4160,2015-01-11,EV,ORD,STL,08:02,0.39805611518944395,0,none,-4.0,,0.0,0.0,0.0,25.6,50,0.49305946351528795
2015-01-11_US1838,2015-01-11,US,DEN,PHL,13:45,0.39793942425219553,0,none,12.0,,0.0,0.07,0.0,6.1,25,0.20382824624935333
2015-01-10_OO5413,2015-01-10,OO,ORD,MKE,14:10,0.39783502129360937,0,none,-12.0,85.0,0.0,0.0,0.0,36.7,23,0.027762145938848248
2015-01-11_F9682,2015-01-11,F9,DEN,MCO,18:10,0.39772113638420814,0,nas,-3.0,,0.0,0.0,0.0,5.8,44,0.539187790998448
2015-01-11_WN1250,2015-01-11,WN,DEN,ATL,10:10,0.3976264584524022,0,none,-6.0,,0.0,0.0,0.0,15.5,52,0.6835230212105535
2015-01-10_UA369,2015-01-10,UA,DEN,ICT,17:30,0.3975223292852982,0,none,39.0,,0.0,0.0,0.0,14.4,25,0.20382824624935333
2015-01-10_OO6413,2015-01-10,OO,DEN,FAR,13:51,0.3968875574123518,0,none,53.0,,0.0,0.0,0.0,16.2,20,0.13954992240041386
2015-01-11_EV6189,2015-01-11,EV,ORD,MCI,08:05,0.39674981970087203,0,none,13.0,,0.0,0.0,0.0,25.6,50,0.49305946351528795
2015-01-11_UA648,2015-01-11,UA,DEN,PIT,10:00,0.39663353585999606,0,carrier,-16.0,,0.0,0.0,0.0,15.5,52,0.6835230212105535
2015-01-10_F9667,2015-01-10,F9,DEN,SFO,21:25,0.39618860284760776,1,nas,33.0,138.0,0.0,0.0,0.0,19.8,5,0.01073460941541645
2015-01-10_EV3959,2015-01-10,EV,DEN,CLE,14:24,0.3961608688287897,0,none,88.0,,0.0,0.0,0.0,13.0,19,0.11174340403517848
2015-01-11_OO5239,2015-01-11,OO,ORD,DFW,08:05,0.39610143886447513,0,none,11.0,,0.0,0.0,0.0,25.6,50,0.49305946351528795
2015-01-10_EV6166,2015-01-10,EV,ORD,MLI,14:50,0.3960917196495292,0,none,2.0,167.0,0.0,0.0,0.0,36.7,23,0.027762145938848248
2015-01-11_WN2964,2015-01-11,WN,DEN,LAS,17:45,0.3958784014661469,1,late_aircraft,0.0,,0.0,0.0,0.0,5.4,35,0.37558199689601657
2015-01-11_US1799,2015-01-11,US,ORD,CLT,13:55,0.3958439924772583,0,none,0.0,,0.0,0.0,0.0,26.6,70,0.916619771149878
2015-01-11_US1999,2015-01-11,US,ORD,CLT,12:15,0.39512307360279014,0,none,0.0,,0.0,0.0,0.0,25.6,44,0.30547739636090787
2015-01-11_US608,2015-01-11,US,DEN,PHX,18:20,0.39506951360361037,0,none,-2.0,,0.0,0.0,0.0,5.8,44,0.539187790998448
2015-01-11_F9244,2015-01-11,F9,DEN,IAH,10:35,0.39485337646631385,1,late_aircraft,27.0,,0.0,0.0,0.0,15.5,52,0.6835230212105535
2015-01-10_EV4681,2015-01-10,EV,ORD,CLE,14:45,0.3947769612961262,0,none,4.0,282.0,0.0,0.0,0.0,36.7,23,0.027762145938848248
2015-01-11_OO5430,2015-01-11,OO,ORD,DLH,08:48,0.3946379558999575,0,none,14.0,,0.0,0.0,0.0,25.6,50,0.49305946351528795
2015-01-11_WN3739,2015-01-11,WN,DEN,STL,16:00,0.3944748670546313,0,carrier,0.0,,0.0,0.0,0.0,5.4,12,0.053414381789963786
2015-01-10_WN4328,2015-01-10,WN,DEN,STL,13:55,0.39443976740121445,0,none,38.0,,0.0,0.0,0.0,16.2,20,0.13954992240041386
2015-01-11_OO2640,2015-01-11,OO,ORD,ICT,08:35,0.39413992884087684,1,none,10.0,,0.0,0.0,0.0,25.6,50,0.49305946351528795
2015-01-10_AA1430,2015-01-10,AA,ORD,MSP,14:25,0.39383364106505614,1,late_aircraft,8.0,128.0,0.0,0.0,0.0,36.7,23,0.027762145938848248
2015-01-11_NK970,2015-01-11,NK,DEN,FLL,23:40,0.3932065233853858,0,none,0.0,,0.0,0.0,0.0,19.8,7,0.01720124159337817
2015-01-11_UA1150,2015-01-11,UA,DEN,SMF,15:15,0.3928836382206903,0,none,-12.0,,0.0,0.0,0.0,5.4,49,0.6117434040351785
2015-01-11_DL1431,2015-01-11,DL,ORD,DTW,10:45,0.3928749616141723,0,none,-15.0,,0.0,0.0,0.0,23.8,39,0.21403113862314763
2015-01-11_B698,2015-01-11,B6,DEN,JFK,23:57,0.39274542407203256,0,nas,0.0,,0.0,0.0,0.0,19.8,7,0.01720124159337817
2015-01-11_WN345,2015-01-11,WN,DEN,OMA,16:10,0.3920936401550701,1,late_aircraft,0.0,,0.0,0.0,0.0,5.4,12,0.053414381789963786
2015-01-10_EV3920,2015-01-10,EV,ORD,ATW,14:36,0.39201489274817813,0,none,0.0,,0.0,0.0,0.0,36.7,23,0.027762145938848248
2015-01-11_F9300,2015-01-11,F9,DEN,TPA,23:59,0.39196792169969674,0,nas,18.0,,0.0,0.0,0.0,19.8,7,0.01720124159337817
2015-01-11_EV4154,2015-01-11,EV,ORD,DAY,08:41,0.391894673549107,0,none,-11.0,,0.0,0.0,0.0,25.6,50,0.49305946351528795
2015-01-11_EV5988,2015-01-11,EV,DEN,SDF,10:00,0.39154569081118795,0,none,-18.0,,0.0,0.0,0.0,15.5,52,0.6835230212105535
2015-01-11_OO6201,2015-01-11,OO,DEN,AUS,15:40,0.39109803932632964,0,none,18.0,,0.0,0.0,0.0,5.4,49,0.6117434040351785
2015-01-10_AA155,2015-01-10,AA,ORD,LAX,14:13,0.39082268535445946,0,none,0.0,,0.0,0.0,0.0,36.7,23,0.027762145938848248
2015-01-11_EV4765,2015-01-11,EV,ORD,GRR,08:15,0.39070070607957674,1,carrier,-16.0,,0.0,0.0,0.0,25.6,50,0.49305946351528795
2015-01-10_AA1151,2015-01-10,AA,DEN,DFW,14:46,0.390628938796289,0,none,88.0,,0.0,0.0,0.0,13.0,19,0.11174340403517848
2015-01-11_US1824,2015-01-11,US,DEN,CLT,12:15,0.3899427350447753,0,none,0.0,,0.0,0.0,0.0,7.6,45,0.5565183652353854
2015-01-10_EV4230,2015-01-10,EV,DEN,DRO,14:19,0.38969627101948295,0,none,43.0,,0.0,0.0,0.0,13.0,19,0.11174340403517848
2015-01-10_NK719,2015-01-10,NK,DEN,LAS,18:45,0.38959945428257,0,none,22.0,419.0,0.0,0.0,0.0,15.1,41,0.4905587170201759
2015-01-11_UA226,2015-01-11,UA,DEN,DSM,15:40,0.38950073507430094,1,carrier,0.0,168.0,0.0,0.0,0.0,5.4,49,0.6117434040351785
2015-01-11_UA812,2015-01-11,UA,DEN,DFW,09:55,0.3893674898794397,0,none,0.0,,0.0,0.0,0.0,16.9,20,0.13954992240041386
2015-01-10_WN2412,2015-01-10,WN,DEN,IND,18:30,0.38862517755310133,1,late_aircraft,15.0,,0.0,0.0,0.0,15.1,41,0.4905587170201759
2015-01-11_DL1916,2015-01-11,DL,DEN,ATL,13:30,0.38835322024011415,0,none,0.0,,0.0,0.07,0.0,6.1,25,0.20382824624935333
2015-01-11_OO5196,2015-01-11,OO,DEN,MSN,09:55,0.3882806327932702,0,none,30.0,,0.0,0.0,0.0,16.9,20,0.13954992240041386
2015-01-11_UA550,2015-01-11,UA,DEN,EWR,15:27,0.3874921250426743,0,none,-2.0,,0.0,0.0,0.0,5.4,49,0.6117434040351785
2015-01-11_EV5926,2015-01-11,EV,DEN,TUL,10:05,0.3873887165993332,1,carrier,-14.0,,0.0,0.0,0.0,15.5,52,0.6835230212105535
2015-01-11_WN329,2015-01-11,WN,DEN,LAS,16:15,0.38727165382706674,1,nas,3.0,,0.0,0.0,0.0,5.4,12,0.053414381789963786
2015-01-10_F9712,2015-01-10,F9,DEN,RSW,23:55,0.3871428553240021,0,none,30.0,,0.0,0.0,0.0,23.8,7,0.01720124159337817
2015-01-11_WN1709,2015-01-11,WN,DEN,BNA,10:20,0.38686960161677797,0,none,-9.0,,0.0,0.0,0.0,15.5,52,0.6835230212105535
2015-01-11_EV6099,2015-01-11,EV,DEN,SHV,10:06,0.38666954015759575,0,none,-6.0,,0.0,0.0,0.0,15.5,52,0.6835230212105535
2015-01-10_WN2544,2015-01-10,WN,DEN,OMA,18:25,0.38647375996575534,1,none,21.0,,0.0,0.0,0.0,15.1,41,0.4905587170201759
2015-01-11_UA830,2015-01-11,UA,DEN,ORD,15:23,0.3861025829199754,1,carrier,-15.0,,0.0,0.0,0.0,5.4,49,0.6117434040351785
2015-01-11_WN1800,2015-01-11,WN,DEN,MDW,15:40,0.38594282888778253,1,carrier,14.0,,0.0,0.0,0.0,5.4,49,0.6117434040351785
2015-01-11_EV5964,2015-01-11,EV,DEN,TYS,17:33,0.38594263460653794,0,none,-7.0,131.0,0.0,0.0,0.0,5.4,35,0.37558199689601657
2015-01-11_UA752,2015-01-11,UA,DEN,BWI,15:45,0.38583889550456024,1,carrier,-5.0,,0.0,0.0,0.0,5.4,49,0.6117434040351785
2015-01-11_F9745,2015-01-11,F9,DEN,PHX,12:35,0.3852436742654927,0,nas,0.0,,0.0,0.0,0.0,7.6,45,0.5565183652353854
2015-01-11_WN1078,2015-01-11,WN,DEN,SEA,15:45,0.3851402890436861,1,none,9.0,,0.0,0.0,0.0,5.4,49,0.6117434040351785
2015-01-11_WN4371,2015-01-11,WN,DEN,HOU,15:50,0.38503761384127294,1,nas,3.0,,0.0,0.0,0.0,5.4,49,0.6117434040351785
2015-01-11_AS687,2015-01-11,AS,DEN,SEA,17:50,0.3849560097483144,0,none,0.0,,0.0,0.0,0.0,5.4,35,0.37558199689601657
2015-01-10_WN2798,2015-01-10,WN,DEN,LAS,17:40,0.3846442798214862,0,none,14.0,,0.0,0.0,0.0,14.4,25,0.20382824624935333
2015-01-10_UA1177,2015-01-10,UA,DEN,SMF,18:59,0.3842024801127786,0,none,0.0,,0.0,0.0,0.0,15.1,41,0.4905587170201759
2015-01-11_EV3957,2015-01-11,EV,ORD,ALB,08:40,0.3840851308103558,0,none,-10.0,,0.0,0.0,0.0,25.6,50,0.49305946351528795
2015-01-11_AA1075,2015-01-11,AA,ORD,DCA,08:11,0.3839760678696567,0,none,0.0,,0.0,0.0,0.0,25.6,50,0.49305946351528795
2015-01-10_AA316,2015-01-10,AA,DEN,DFW,13:23,0.38380847461134865,0,none,64.0,,0.0,0.0,0.0,16.2,20,0.13954992240041386
2015-01-11_WN454,2015-01-11,WN,DEN,MCI,17:05,0.38380591914158285,1,late_aircraft,-20.0,,0.0,0.0,0.0,5.4,35,0.37558199689601657
2015-01-11_OO5561,2015-01-11,OO,DEN,FAR,10:00,0.383784972179761,0,none,-17.0,,0.0,0.0,0.0,15.5,52,0.6835230212105535
2015-01-11_WN739,2015-01-11,WN,DEN,PHX,17:25,0.38365730508523477,0,nas,-2.0,215.0,0.0,0.0,0.0,5.4,35,0.37558199689601657
2015-01-11_WN1701,2015-01-11,WN,DEN,ATL,15:05,0.3834220145215528,0,none,0.0,,0.0,0.0,0.0,5.4,49,0.6117434040351785
2015-01-11_WN4838,2015-01-11,WN,DEN,BWI,15:55,0.3833317398121167,0,none,-19.0,,0.0,0.0,0.0,5.4,49,0.6117434040351785
2015-01-11_EV6088,2015-01-11,EV,DEN,MEM,17:50,0.38319197141190925,0,none,-3.0,,0.0,0.0,0.0,5.4,35,0.37558199689601657
2015-01-11_OO5327,2015-01-11,OO,DEN,MAF,10:05,0.38294004553212824,0,none,-11.0,,0.0,0.0,0.0,15.5,52,0.6835230212105535
2015-01-11_UA215,2015-01-11,UA,DEN,DFW,17:30,0.3827986174379611,0,none,-4.0,294.0,0.0,0.0,0.0,5.4,35,0.37558199689601657
2015-01-11_OO5204,2015-01-11,OO,DEN,ISN,10:10,0.3826301178092912,0,none,-18.0,,0.0,0.0,0.0,15.5,52,0.6835230212105535
2015-01-11_WN548,2015-01-11,WN,DEN,TPA,15:55,0.38233453576758003,0,none,-6.0,,0.0,0.0,0.0,5.4,49,0.6117434040351785
2015-01-11_OO5478,2015-01-11,OO,DEN,LAR,20:25,0.38221517102524266,1,carrier,-25.0,362.0,0.0,0.0,0.0,6.8,14,0.06660631143300569
2015-01-11_OO5264,2015-01-11,OO,DEN,MEM,10:11,0.38209215430708304,0,none,-18.0,,0.0,0.0,0.0,15.5,52,0.6835230212105535
2015-01-11_UA677,2015-01-11,UA,DEN,ICT,17:28,0.38192229034551356,1,none,-14.0,294.0,0.0,0.0,0.0,5.4,35,0.37558199689601657
2015-01-11_F9242,2015-01-11,F9,DEN,IAH,19:20,0.38173191806521567,0,none,-12.0,225.0,0.0,0.0,0.0,6.1,61,0.9094671495085359
2015-01-11_OO5571,2015-01-11,OO,DEN,MOT,10:05,0.3816891737975104,1,carrier,-35.0,,0.0,0.0,0.0,15.5,52,0.6835230212105535
2015-01-11_UA652,2015-01-11,UA,DEN,IAD,15:15,0.38135756973539875,0,none,-17.0,,0.0,0.0,0.0,5.4,49,0.6117434040351785
2015-01-11_AA1628,2015-01-11,AA,ORD,SEA,08:25,0.38065571219749667,0,none,-22.0,,0.0,0.0,0.0,25.6,50,0.49305946351528795
2015-01-10_OO5231,2015-01-10,OO,DEN,SLC,15:35,0.3805633727252004,0,none,21.0,175.0,0.0,0.0,0.0,10.8,32,0.36277806518365235
2015-01-11_US1933,2015-01-11,US,ORD,PHL,09:57,0.3804847444115081,0,none,-28.0,,0.0,0.0,0.0,24.5,58,0.7106546614143688
2015-01-11_DL160,2015-01-11,DL,DEN,MSP,11:15,0.3802871689844876,0,none,-23.0,,0.0,0.0,0.0,12.6,52,0.6835230212105535
2015-01-11_DL2108,2015-01-11,DL,DEN,MSP,13:39,0.38027092213498564,0,none,-19.0,168.0,0.0,0.07,0.0,6.1,25,0.20382824624935333
2015-01-11_DL1632,2015-01-11,DL,ORD,MSP,09:14,0.3800974375727236,0,none,-22.0,,0.0,0.0,0.0,24.5,58,0.7106546614143688
2015-01-11_UA1083,2015-01-11,UA,DEN,LAX,15:24,0.37989679822527084,1,carrier,-8.0,331.0,0.0,0.0,0.0,5.4,49,0.6117434040351785
2015-01-11_AA959,2015-01-11,AA,DEN,DFW,16:20,0.3794884361539433,1,late_aircraft,0.0,,0.0,0.0,0.0,5.4,12,0.053414381789963786
2015-01-11_US458,2015-01-11,US,DEN,PHX,12:20,0.3790063680506341,0,none,-22.0,,0.0,0.0,0.0,7.6,45,0.5565183652353854
2015-01-11_F9422,2015-01-11,F9,DEN,ATL,23:59,0.37850528313125675,0,none,22.0,,0.0,0.0,0.0,19.8,7,0.01720124159337817
2015-01-10_WN3862,2015-01-10,WN,DEN,SNA,15:20,0.3783034066201296,0,none,15.0,,0.0,0.0,0.0,10.8,32,0.36277806518365235
2015-01-11_UA562,2015-01-11,UA,DEN,SNA,15:30,0.37749327153687223,0,none,-1.0,,0.0,0.0,0.0,5.4,49,0.6117434040351785
2015-01-11_WN893,2015-01-11,WN,DEN,MSP,16:10,0.37719273596289865,1,late_aircraft,4.0,,0.0,0.0,0.0,5.4,12,0.053414381789963786
2015-01-11_US521,2015-01-11,US,DEN,PHX,14:50,0.3771839374183077,0,none,7.0,,0.0,0.07,0.0,5.0,27,0.28854112778065183
2015-01-11_WN1991,2015-01-11,WN,DEN,OKC,15:25,0.37718265521119054,0,none,-5.0,,0.0,0.0,0.0,5.4,49,0.6117434040351785
2015-01-11_UA814,2015-01-11,UA,DEN,IAH,15:54,0.3771549737250886,1,carrier,-15.0,191.0,0.0,0.0,0.0,5.4,49,0.6117434040351785
2015-01-11_WN2958,2015-01-11,WN,DEN,SLC,15:05,0.37701584558197976,0,none,0.0,,0.0,0.0,0.0,5.4,49,0.6117434040351785
2015-01-11_UA523,2015-01-11,UA,DEN,PHX,15:18,0.376495455945007,1,none,-2.0,,0.0,0.0,0.0,5.4,49,0.6117434040351785
2015-01-11_F9116,2015-01-11,F9,DEN,MSP,20:48,0.3761902848632465,0,none,8.0,188.0,0.0,0.0,0.0,6.8,14,0.06660631143300569
2015-01-11_OO6205,2015-01-11,OO,DEN,COS,17:33,0.3759879162031277,1,late_aircraft,10.0,,0.0,0.0,0.0,5.4,35,0.37558199689601657
2015-01-10_AA1670,2015-01-10,AA,ORD,BOS,14:17,0.3758462570530019,0,none,-15.0,219.0,0.0,0.0,0.0,36.7,23,0.027762145938848248
2015-01-10_WN663,2015-01-10,WN,DEN,LAS,19:30,0.3757694767096976,0,none,17.0,200.0,0.0,0.0,0.0,14.8,19,0.11174340403517848
2015-01-10_OO6374,2015-01-10,OO,DEN,ASE,17:45,0.37560807519436606,0,none,29.0,,0.0,0.0,0.0,14.4,25,0.20382824624935333
2015-01-11_AA2309,2015-01-11,AA,ORD,DFW,08:18,0.37558154093049545,0,none,-1.0,,0.0,0.0,0.0,25.6,50,0.49305946351528795
2015-01-11_F9122,2015-01-11,F9,DEN,DFW,14:55,0.37544340184846525,0,none,0.0,,0.0,0.07,0.0,5.0,27,0.28854112778065183
2015-01-11_F9555,2015-01-11,F9,DEN,SAN,12:35,0.3752185901872935,0,none,-13.0,177.0,0.0,0.0,0.0,7.6,45,0.5565183652353854
2015-01-11_AA388,2015-01-11,AA,ORD,LGA,08:30,0.3749923430461894,0,none,0.0,,0.0,0.0,0.0,25.6,50,0.49305946351528795
2015-01-10_WN3538,2015-01-10,WN,DEN,TUL,16:40,0.374939373073265,0,none,19.0,,0.0,0.0,0.0,13.3,23,0.188178996378686
2015-01-11_AA2483,2015-01-11,AA,ORD,MIA,08:00,0.37439307727329874,0,none,-3.0,,0.0,0.0,0.0,25.6,50,0.49305946351528795
2015-01-11_AA1496,2015-01-11,AA,ORD,BOS,08:00,0.37411638572673034,0,none,-8.0,,0.0,0.0,0.0,25.6,50,0.49305946351528795
2015-01-11_DL2442,2015-01-11,DL,DEN,ATL,14:45,0.3740997494664496,0,none,-16.0,,0.0,0.07,0.0,5.0,27,0.28854112778065183
2015-01-10_WN3905,2015-01-10,WN,DEN,SMF,20:00,0.37357739255753275,0,none,0.0,,0.0,0.0,0.0,17.3,19,0.11174340403517848
2015-01-11_OO5328,2015-01-11,OO,DEN,MKE,17:20,0.37353578249609504,0,none,-1.0,269.0,0.0,0.0,0.0,5.4,35,0.37558199689601657
2015-01-10_AA1074,2015-01-10,AA,ORD,FLL,14:55,0.3727529084875392,1,none,-4.0,,0.0,0.0,0.0,36.7,23,0.027762145938848248
2015-01-11_OO5544,2015-01-11,OO,DEN,BIS,09:55,0.37275094084706695,0,none,16.0,,0.0,0.0,0.0,16.9,20,0.13954992240041386
2015-01-11_UA594,2015-01-11,UA,DEN,MIA,09:55,0.372711640806034,0,none,4.0,,0.0,0.0,0.0,16.9,20,0.13954992240041386
2015-01-11_UA775,2015-01-11,UA,DEN,LAS,15:55,0.37249771806710363,1,nas,-9.0,192.0,0.0,0.0,0.0,5.4,49,0.6117434040351785
2015-01-10_US1806,2015-01-10,US,ORD,CLT,13:55,0.3722514432853358,0,none,-25.0,,0.0,0.0,0.0,39.2,63,0.8181391858938285
2015-01-11_EV4278,2015-01-11,EV,DEN,RAP,15:15,0.37221982352157373,1,nas,0.0,,0.0,0.0,0.0,5.4,49,0.6117434040351785
2015-01-10_WN4442,2015-01-10,WN,DEN,SAN,18:30,0.3721548335176068,0,none,8.0,,0.0,0.0,0.0,15.1,41,0.4905587170201759
2015-01-10_WN3191,2015-01-10,WN,DEN,BWI,18:20,0.37087871092423597,1,late_aircraft,-10.0,,0.0,0.0,0.0,15.1,41,0.4905587170201759
2015-01-10_WN2889,2015-01-10,WN,DEN,BOS,16:40,0.37074877328438177,0,none,-2.0,,0.0,0.0,0.0,13.3,23,0.188178996378686
2015-01-11_F9793,2015-01-11,F9,DEN,PDX,17:30,0.37062846736217353,1,nas,12.0,217.0,0.0,0.0,0.0,5.4,35,0.37558199689601657
2015-01-11_AA1444,2015-01-11,AA,ORD,PHX,08:10,0.37052094664346213,0,none,-13.0,,0.0,0.0,0.0,25.6,50,0.49305946351528795
2015-01-11_OO6491,2015-01-11,OO,DEN,BIS,17:22,0.3705206853803067,1,carrier,0.0,269.0,0.0,0.0,0.0,5.4,35,0.37558199689601657
2015-01-11_UA1596,2015-01-11,UA,DEN,DCA,09:56,0.37013251916344064,0,none,9.0,,0.0,0.0,0.0,16.9,20,0.13954992240041386
2015-01-11_EV6156,2015-01-11,EV,DEN,MSN,15:10,0.3700599839483499,0,none,4.0,183.0,0.0,0.0,0.0,5.4,49,0.6117434040351785
2015-01-11_OO5485,2015-01-11,OO,DEN,TUS,15:10,0.3700214889918664,0,none,7.0,179.0,0.0,0.0,0.0,5.4,49,0.6117434040351785
2015-01-11_DL410,2015-01-11,DL,DEN,JFK,10:55,0.3698704324307887,0,none,-30.0,,0.0,0.0,0.0,15.5,52,0.6835230212105535
2015-01-10_WN2756,2015-01-10,WN,DEN,HOU,15:00,0.36969796648564285,0,none,18.0,,0.0,0.0,0.0,10.8,32,0.36277806518365235
2015-01-10_UA407,2015-01-10,UA,DEN,SEA,18:45,0.36927791560858075,0,none,-7.0,209.0,0.0,0.0,0.0,15.1,41,0.4905587170201759
2015-01-11_OO4526,2015-01-11,OO,DEN,SLC,17:40,0.36925662798894326,0,none,13.0,,0.0,0.0,0.0,5.4,35,0.37558199689601657
2015-01-11_OO6467,2015-01-11,OO,DEN,BZN,15:04,0.36898693029092,1,carrier,9.0,134.0,0.0,0.0,0.0,5.4,49,0.6117434040351785
2015-01-11_OO5642,2015-01-11,OO,DEN,ASE,17:15,0.36846973825771684,1,late_aircraft,-2.0,,0.0,0.0,0.0,5.4,35,0.37558199689601657
2015-01-11_OO6210,2015-01-11,OO,DEN,PSP,15:03,0.36830149771308857,0,none,10.0,148.0,0.0,0.0,0.0,5.4,49,0.6117434040351785
2015-01-10_UA1232,2015-01-10,UA,DEN,LAX,19:05,0.3682997591851543,0,none,7.0,,0.0,0.0,0.0,14.8,19,0.11174340403517848
2015-01-10_WN3283,2015-01-10,WN,DEN,BNA,18:20,0.36794582420813093,0,none,-7.0,,0.0,0.0,0.0,15.1,41,0.4905587170201759
2015-01-11_F9341,2015-01-11,F9,DEN,BZN,21:30,0.3679353007622179,0,none,1.0,149.0,0.0,0.07,0.0,9.7,26,0.23706673564407657
2015-01-11_OO5496,2015-01-11,OO,DEN,FSD,09:57,0.3673824658468513,0,none,16.0,,0.0,0.0,0.0,16.9,20,0.13954992240041386
2015-01-10_UA1108,2015-01-10,UA,DEN,GEG,18:52,0.36701483566186127,0,none,-7.0,,0.0,0.0,0.0,15.1,41,0.4905587170201759
2015-01-10_WN4339,2015-01-10,WN,DEN,HOU,18:25,0.36689262862261085,1,late_aircraft,5.0,,0.0,0.0,0.0,15.1,41,0.4905587170201759
2015-01-11_F9661,2015-01-11,F9,DEN,SFO,13:10,0.36675934899813983,1,nas,-18.0,253.0,0.0,0.07,0.0,6.1,25,0.20382824624935333
2015-01-11_OO5658,2015-01-11,OO,DEN,COS,15:59,0.36675351892117747,1,carrier,0.0,,0.0,0.0,0.0,5.4,49,0.6117434040351785
2015-01-10_US409,2015-01-10,US,ORD,PHX,14:05,0.3667254029431274,0,none,0.0,,0.0,0.0,0.0,36.7,23,0.027762145938848248
2015-01-10_WN3096,2015-01-10,WN,DEN,EWR,16:40,0.3666907226103366,0,none,10.0,,0.0,0.0,0.0,13.3,23,0.188178996378686
2015-01-11_OO6345,2015-01-11,OO,DEN,SLC,17:22,0.3664922091692724,1,late_aircraft,4.0,,0.0,0.0,0.0,5.4,35,0.37558199689601657
2015-01-11_DL1410,2015-01-11,DL,DEN,DTW,16:15,0.366421076056754,0,none,0.0,,0.0,0.0,0.0,5.4,12,0.053414381789963786
2015-01-10_WN3113,2015-01-10,WN,DEN,LAX,20:00,0.3662616237772519,0,none,0.0,,0.0,0.0,0.0,17.3,19,0.11174340403517848
2015-01-11_F9405,2015-01-11,F9,DEN,LAX,12:45,0.36617176786434724,0,none,-7.0,205.0,0.0,0.0,0.0,7.6,45,0.5565183652353854
2015-01-10_UA745,2015-01-10,UA,DEN,PDX,19:08,0.36604126068266957,1,none,-9.0,,0.0,0.0,0.0,14.8,19,0.11174340403517848
2015-01-10_WN3027,2015-01-10,WN,DEN,ATL,18:25,0.365900261882099,1,late_aircraft,-4.0,,0.0,0.0,0.0,15.1,41,0.4905587170201759
2015-01-11_EV6098,2015-01-11,EV,DEN,ELP,15:10,0.365869087734215,0,none,13.0,194.0,0.0,0.0,0.0,5.4,49,0.6117434040351785
2015-01-10_WN3608,2015-01-10,WN,DEN,BDL,16:45,0.3657719662640052,1,none,11.0,,0.0,0.0,0.0,13.3,23,0.188178996378686
2015-01-10_WN4400,2015-01-10,WN,DEN,STL,18:25,0.3654120275405983,0,none,0.0,,0.0,0.0,0.0,15.1,41,0.4905587170201759
2015-01-11_OO6232,2015-01-11,OO,DEN,JAC,15:10,0.36521703535953076,1,carrier,2.0,,0.0,0.0,0.0,5.4,49,0.6117434040351785
2015-01-10_UA296,2015-01-10,UA,DEN,RNO,18:49,0.3650803003210182,0,none,-11.0,,0.0,0.0,0.0,15.1,41,0.4905587170201759
2015-01-11_UA575,2015-01-11,UA,DEN,SJC,15:07,0.36504720231603754,0,none,-6.0,317.0,0.0,0.0,0.0,5.4,49,0.6117434040351785
2015-01-11_EV6004,2015-01-11,EV,DEN,LNK,15:42,0.3646598380391843,0,none,-3.0,169.0,0.0,0.0,0.0,5.4,49,0.6117434040351785
2015-01-10_WN3109,2015-01-10,WN,DEN,SFO,20:05,0.3646179952956887,0,none,0.0,,0.0,0.0,0.0,17.3,19,0.11174340403517848
2015-01-11_F9575,2015-01-11,F9,DEN,SLC,13:10,0.363912631908252,1,late_aircraft,2.0,,0.0,0.07,0.0,6.1,25,0.20382824624935333
2015-01-10_WN3794,2015-01-10,WN,DEN,MCI,18:20,0.36376872172319197,1,none,0.0,,0.0,0.0,0.0,15.1,41,0.4905587170201759
2015-01-10_WN3416,2015-01-10,WN,DEN,SAT,18:45,0.36351866228805657,1,late_aircraft,-3.0,,0.0,0.0,0.0,15.1,41,0.4905587170201759
2015-01-11_DL2016,2015-01-11,DL,DEN,ATL,17:26,0.3632593475120329,0,none,0.0,,0.0,0.0,0.0,5.4,35,0.37558199689601657
2015-01-10_F9626,2015-01-10,F9,DEN,DTW,19:15,0.36311040312177173,1,none,21.0,,0.0,0.0,0.0,14.8,19,0.11174340403517848
2015-01-10_WN2422,2015-01-10,WN,DEN,MKE,18:30,0.36305426509096084,0,none,-11.0,285.0,0.0,0.0,0.0,15.1,41,0.4905587170201759
2015-01-10_EV6024,2015-01-10,EV,DEN,OKC,16:00,0.3626492995077298,0,none,16.0,187.0,0.0,0.0,0.0,13.3,23,0.188178996378686
2015-01-11_F9557,2015-01-11,F9,DEN,SAN,17:50,0.36235035926202247,0,none,9.0,,0.0,0.0,0.0,5.4,35,0.37558199689601657
2015-01-11_OO5299,2015-01-11,OO,ORD,MKE,07:18,0.36144673592308413,1,late_aircraft,30.0,,0.0,0.0,0.0,25.9,28,0.0535546801725755
2015-01-11_F9800,2015-01-11,F9,DEN,MEM,14:25,0.3614152966307789,0,none,8.0,300.0,0.0,0.07,0.0,5.0,27,0.28854112778065183
2015-01-10_OO6368,2015-01-10,OO,DEN,BIS,17:22,0.36078205801620983,0,none,22.0,,0.0,0.0,0.0,14.4,25,0.20382824624935333
2015-01-11_WN2237,2015-01-11,WN,DEN,MDW,09:30,0.3607370490889403,0,none,0.0,,0.0,0.0,0.0,16.9,20,0.13954992240041386
2015-01-10_WN3176,2015-01-10,WN,DEN,MSY,18:20,0.3603342062374205,0,none,-23.0,280.0,0.0,0.0,0.0,15.1,41,0.4905587170201759
2015-01-11_F9757,2015-01-11,F9,DEN,PHX,20:10,0.3602432092881832,0,none,-10.0,147.0,0.0,0.0,0.0,6.8,14,0.06660631143300569
2015-01-10_EV6004,2015-01-10,EV,DEN,LNK,15:42,0.3597610103556893,1,late_aircraft,16.0,,0.0,0.0,0.0,10.8,32,0.36277806518365235
2015-01-10_WN3932,2015-01-10,WN,DEN,TUS,20:00,0.35947128035535386,0,none,0.0,,0.0,0.0,0.0,17.3,19,0.11174340403517848
2015-01-10_WN4421,2015-01-10,WN,DEN,MSP,18:25,0.35935546203560664,0,none,-12.0,,0.0,0.0,0.0,15.1,41,0.4905587170201759
2015-01-11_F91250,2015-01-11,F9,DEN,MIA,23:30,0.35932263414783927,0,none,-4.0,263.0,0.0,0.0,0.0,19.8,7,0.01720124159337817
2015-01-11_WN1916,2015-01-11,WN,DEN,PHX,09:50,0.35919198891495957,0,none,0.0,,0.0,0.0,0.0,16.9,20,0.13954992240041386
2015-01-10_WN2706,2015-01-10,WN,DEN,OAK,20:00,0.35908991586594774,0,none,4.0,,0.0,0.0,0.0,17.3,19,0.11174340403517848
2015-01-10_B6994,2015-01-10,B6,DEN,BOS,23:22,0.3589926919338103,0,none,0.0,,0.0,0.0,0.0,23.8,7,0.01720124159337817
2015-01-10_UA1111,2015-01-10,UA,DEN,SFO,19:08,0.3588322066225472,0,none,-8.0,,0.0,0.0,0.0,14.8,19,0.11174340403517848
2015-01-11_DL1816,2015-01-11,DL,DEN,ATL,10:45,0.35859283720422197,0,none,0.0,,0.0,0.0,0.0,15.5,52,0.6835230212105535
2015-01-10_WN3366,2015-01-10,WN,DEN,FLL,16:45,0.3585253238051051,0,none,2.0,195.0,0.0,0.0,0.0,13.3,23,0.188178996378686
2015-01-10_UA562,2015-01-10,UA,DEN,SNA,18:57,0.35851631019513397,0,none,-5.0,,0.0,0.0,0.0,15.1,41,0.4905587170201759
2015-01-11_EV3261,2015-01-11,EV,DEN,GRR,09:55,0.35838500056641126,0,none,-6.0,,0.0,0.0,0.0,16.9,20,0.13954992240041386
2015-01-11_OO6488,2015-01-11,OO,DEN,ASE,15:32,0.35770698286815733,1,weather,-5.0,161.0,0.0,0.0,0.0,5.4,49,0.6117434040351785
2015-01-10_WN3004,2015-01-10,WN,DEN,SEA,20:00,0.3573336437274748,0,none,-9.0,,0.0,0.0,0.0,17.3,19,0.11174340403517848
2015-01-11_F9704,2015-01-11,F9,DEN,MSY,14:25,0.3572274396252952,0,none,-14.0,290.0,0.0,0.07,0.0,5.0,27,0.28854112778065183
2015-01-11_DL1997,2015-01-11,DL,DEN,LGA,15:59,0.35704518760268683,1,late_aircraft,0.0,,0.0,0.0,0.0,5.4,49,0.6117434040351785
2015-01-11_OO6486,2015-01-11,OO,DEN,CPR,15:31,0.3565847201337636,0,none,-6.0,160.0,0.0,0.0,0.0,5.4,49,0.6117434040351785
2015-01-11_F9238,2015-01-11,F9,DEN,BNA,14:15,0.35646763738038684,0,none,-11.0,281.0,0.0,0.07,0.0,5.0,27,0.28854112778065183
2015-01-11_NK906,2015-01-11,NK,DEN,IAH,15:05,0.35645081990256466,1,late_aircraft,3.0,275.0,0.0,0.0,0.0,5.4,49,0.6117434040351785
2015-01-11_F91068,2015-01-11,F9,DEN,ORD,10:10,0.3561739045230556,1,carrier,1.0,,0.0,0.0,0.0,15.5,52,0.6835230212105535
2015-01-10_F9581,2015-01-10,F9,DEN,SLC,21:30,0.3560537083300404,1,carrier,72.0,,0.0,0.0,0.0,19.8,5,0.01073460941541645
2015-01-10_WN3395,2015-01-10,WN,DEN,RDU,16:40,0.355966321001951,1,carrier,-3.0,,0.0,0.0,0.0,13.3,23,0.188178996378686
2015-01-11_F9358,2015-01-11,F9,DEN,MKE,10:53,0.3555440088935981,0,none,7.0,332.0,0.0,0.0,0.0,15.5,52,0.6835230212105535
2015-01-10_WN3883,2015-01-10,WN,DEN,SFO,15:40,0.35474793881149264,1,late_aircraft,11.0,,0.0,0.0,0.0,10.8,32,0.36277806518365235
2015-01-10_WN4519,2015-01-10,WN,DEN,ONT,20:00,0.35434059841504323,0,none,-1.0,,0.0,0.0,0.0,17.3,19,0.11174340403517848
2015-01-10_UA255,2015-01-10,UA,DEN,SAN,19:00,0.354127750796604,0,none,-8.0,376.0,0.0,0.0,0.0,14.8,19,0.11174340403517848
2015-01-11_OO5315,2015-01-11,OO,DEN,JMS,09:55,0.35333027142558665,0,none,-11.0,,0.0,0.0,0.0,16.9,20,0.13954992240041386
2015-01-11_F9263,2015-01-11,F9,DEN,SNA,21:10,0.3533300782632947,0,none,-6.0,200.0,0.0,0.07,0.0,9.7,26,0.23706673564407657
2015-01-10_EV4331,2015-01-10,EV,DEN,TUS,18:55,0.353012383442361,0,none,8.0,,0.0,0.0,0.0,15.1,41,0.4905587170201759
2015-01-10_WN3450,2015-01-10,WN,DEN,TPA,16:40,0.35298475265970636,0,none,-20.0,,0.0,0.0,0.0,13.3,23,0.188178996378686
2015-01-11_F9761,2015-01-11,F9,DEN,LAS,21:20,0.3529487084173573,0,none,-2.0,281.0,0.0,0.07,0.0,9.7,26,0.23706673564407657
2015-01-10_WN3377,2015-01-10,WN,DEN,SJC,16:30,0.35291672194325185,0,none,-2.0,160.0,0.0,0.0,0.0,13.3,23,0.188178996378686
2015-01-10_UA406,2015-01-10,UA,DEN,LGA,15:46,0.35286213123856214,1,none,6.0,227.0,0.0,0.0,0.0,10.8,32,0.36277806518365235
2015-01-11_OO6439,2015-01-11,OO,DEN,BOI,15:10,0.3527565839245297,0,none,-7.0,,0.0,0.0,0.0,5.4,49,0.6117434040351785
2015-01-10_UA453,2015-01-10,UA,DEN,BOI,19:01,0.35275217142438897,0,none,-25.0,,0.0,0.0,0.0,14.8,19,0.11174340403517848
2015-01-11_EV4157,2015-01-11,EV,ORD,DTW,07:50,0.3522841926252449,0,none,29.0,,0.0,0.0,0.0,25.9,28,0.0535546801725755
2015-01-11_NK731,2015-01-11,NK,ORD,LAX,07:25,0.3519844014535378,0,none,51.0,,0.0,0.0,0.0,25.9,28,0.0535546801725755
2015-01-10_F9341,2015-01-10,F9,DEN,BZN,21:30,0.3516282933381793,0,none,21.0,130.0,0.0,0.0,0.0,19.8,5,0.01073460941541645
2015-01-10_WN2772,2015-01-10,WN,DEN,PHX,13:20,0.35146315377263654,0,none,19.0,,0.0,0.0,0.0,16.2,20,0.13954992240041386
2015-01-10_UA1681,2015-01-10,UA,DEN,MCO,15:45,0.351352376579311,0,none,6.0,,0.0,0.0,0.0,10.8,32,0.36277806518365235
2015-01-10_UA458,2015-01-10,UA,DEN,BZN,18:57,0.35116999334269594,0,none,-6.0,355.0,0.0,0.0,0.0,15.1,41,0.4905587170201759
2015-01-10_UA733,2015-01-10,UA,DEN,SFO,14:37,0.3507481342024544,0,none,2.0,50.0,0.0,0.0,0.0,13.0,19,0.11174340403517848
2015-01-10_WN3083,2015-01-10,WN,DEN,DAL,16:45,0.3507322806844889,0,none,1.0,,0.0,0.0,0.0,13.3,23,0.188178996378686
2015-01-11_F9141,2015-01-11,F9,DEN,SEA,17:22,0.35060015018482427,0,none,-17.0,,0.0,0.0,0.0,5.4,35,0.37558199689601657
2015-01-10_F9132,2015-01-10,F9,DEN,DFW,19:45,0.3505124348502049,1,late_aircraft,0.0,31.0,0.0,0.0,0.0,14.8,19,0.11174340403517848
2015-01-11_US1898,2015-01-11,US,DEN,CLT,16:05,0.3503259627662313,0,none,-8.0,,0.0,0.0,0.0,5.4,12,0.053414381789963786
2015-01-10_NK970,2015-01-10,NK,DEN,FLL,23:40,0.3497158785985955,0,none,0.0,,0.0,0.0,0.0,23.8,7,0.01720124159337817
2015-01-10_EV4270,2015-01-10,EV,DEN,COS,19:15,0.3495742228022616,0,none,0.0,,0.0,0.0,0.0,14.8,19,0.11174340403517848
2015-01-10_WN3613,2015-01-10,WN,DEN,MDW,15:55,0.3494824114065761,0,none,0.0,,0.0,0.0,0.0,10.8,32,0.36277806518365235
2015-01-10_UA1691,2015-01-10,UA,DEN,LAS,19:10,0.3494688673741922,0,none,-21.0,,0.0,0.0,0.0,14.8,19,0.11174340403517848
2015-01-11_UA358,2015-01-11,UA,DEN,AUS,09:55,0.34943917346227943,0,none,-22.0,,0.0,0.0,0.0,16.9,20,0.13954992240041386
2015-01-11_F9432,2015-01-11,F9,DEN,OMA,20:25,0.3493847828929204,0,nas,-8.0,240.0,0.0,0.0,0.0,6.8,14,0.06660631143300569
2015-01-10_B698,2015-01-10,B6,DEN,JFK,23:57,0.34916417347064876,0,none,0.0,,0.0,0.0,0.0,23.8,7,0.01720124159337817
2015-01-10_UA1115,2015-01-10,UA,DEN,BIL,19:04,0.3489875260892922,1,carrier,-9.0,,0.0,0.0,0.0,14.8,19,0.11174340403517848
2015-01-10_UA1288,2015-01-10,UA,DEN,IAH,17:08,0.3485528022228291,0,none,7.0,454.0,0.0,0.0,0.0,14.4,25,0.20382824624935333
2015-01-11_OO4478,2015-01-11,OO,ORD,SLC,07:50,0.3485152387641384,0,none,50.0,,0.0,0.0,0.0,25.9,28,0.0535546801725755
2015-01-10_EV6183,2015-01-10,EV,DEN,LBB,18:18,0.3482520171977471,0,none,-10.0,163.0,0.0,0.0,0.0,15.1,41,0.4905587170201759
2015-01-10_UA732,2015-01-10,UA,DEN,IAD,14:00,0.34811594560005116,0,none,26.0,,0.0,0.0,0.0,13.0,19,0.11174340403517848
2015-01-11_F9712,2015-01-11,F9,DEN,RSW,23:55,0.3479089649894282,0,none,2.0,382.0,0.0,0.0,0.0,19.8,7,0.01720124159337817
2015-01-11_DL2149,2015-01-11,DL,DEN,MSP,15:47,0.3478533609071508,0,none,0.0,,0.0,0.0,0.0,5.4,49,0.6117434040351785
2015-01-10_OO6351,2015-01-10,OO,DEN,RDM,18:49,0.3476252004499213,0,none,-16.0,156.0,0.0,0.0,0.0,15.1,41,0.4905587170201759
2015-01-10_UA226,2015-01-10,UA,DEN,DSM,15:12,0.3473393386445641,1,none,14.0,,0.0,0.0,0.0,10.8,32,0.36277806518365235
2015-01-10_WN3555,2015-01-10,WN,DEN,LAS,16:10,0.3469045775027148,0,none,-9.0,155.0,0.0,0.0,0.0,13.3,23,0.188178996378686
2015-01-11_EV6037,2015-01-11,EV,DEN,ELP,09:55,0.34678550237133426,1,carrier,-18.0,,0.0,0.0,0.0,16.9,20,0.13954992240041386
2015-01-10_OO6405,2015-01-10,OO,DEN,CPR,18:45,0.3466563362622677,0,none,7.0,147.0,0.0,0.0,0.0,15.1,41,0.4905587170201759
2015-01-10_UA1740,2015-01-10,UA,DEN,IAD,15:40,0.3463240298367714,1,none,1.0,249.0,0.0,0.0,0.0,10.8,32,0.36277806518365235
2015-01-10_UA1139,2015-01-10,UA,DEN,PHX,19:09,0.3461500169672348,0,none,-13.0,255.0,0.0,0.0,0.0,14.8,19,0.11174340403517848
2015-01-10_OO5599,2015-01-10,OO,DEN,MFR,18:15,0.34609513231208633,0,none,8.0,237.0,0.0,0.0,0.0,15.1,41,0.4905587170201759
2015-01-11_OO5301,2015-01-11,OO,DEN,MKE,09:55,0.34563960088468126,0,none,13.0,,0.0,0.0,0.0,16.9,20,0.13954992240041386
2015-01-10_OO6190,2015-01-10,OO,DEN,PSC,18:27,0.3454188370226832,1,none,10.0,,0.0,0.0,0.0,15.1,41,0.4905587170201759
2015-01-10_WN3955,2015-01-10,WN,DEN,PHX,15:10,0.34506802238245576,0,none,0.0,,0.0,0.0,0.0,10.8,32,0.36277806518365235
2015-01-10_UA1702,2015-01-10,UA,DEN,LAX,15:24,0.34501018155658325,1,late_aircraft,-8.0,,0.0,0.0,0.0,10.8,32,0.36277806518365235
2015-01-10_NK630,2015-01-10,NK,DEN,ORD,13:40,0.3447866069771718,1,carrier,-6.0,51.0,0.0,0.0,0.0,16.2,20,0.13954992240041386
2015-01-11_F91061,2015-01-11,F9,ORD,PHX,07:00,0.3433721505098995,0,none,164.0,,0.0,0.0,0.0,25.9,28,0.0535546801725755
2015-01-10_AS687,2015-01-10,AS,DEN,SEA,17:50,0.34312869930061907,0,none,0.0,,0.0,0.0,0.0,14.4,25,0.20382824624935333
2015-01-11_UA1281,2015-01-11,UA,ORD,DCA,07:00,0.3425485363175939,0,none,35.0,,0.0,0.0,0.0,25.9,28,0.0535546801725755
2015-01-11_OO6424,2015-01-11,OO,DEN,OMA,09:55,0.3422880015208097,0,none,-19.0,,0.0,0.0,0.0,16.9,20,0.13954992240041386
2015-01-10_EV3255,2015-01-10,EV,DEN,MTJ,19:05,0.3420663741198673,0,none,9.0,,0.0,0.0,0.0,14.8,19,0.11174340403517848
2015-01-10_WN4446,2015-01-10,WN,DEN,SLC,20:05,0.3414461075694657,0,none,-19.0,185.0,0.0,0.0,0.0,17.3,19,0.11174340403517848
2015-01-10_AA959,2015-01-10,AA,DEN,DFW,16:20,0.34115649314403107,0,none,0.0,,0.0,0.0,0.0,13.3,23,0.188178996378686
2015-01-10_OO6516,2015-01-10,OO,DEN,FCA,18:50,0.3406911838231056,1,carrier,0.0,231.0,0.0,0.0,0.0,15.1,41,0.4905587170201759
2015-01-10_UA338,2015-01-10,UA,DEN,DFW,17:30,0.3403743281813079,0,none,-5.0,289.0,0.0,0.0,0.0,14.4,25,0.20382824624935333
2015-01-11_AA2392,2015-01-11,AA,DEN,MIA,01:20,0.3401222031384406,0,none,65.0,,0.0,0.0,0.0,23.4,1,0.0005173305742369374
2015-01-10_OO5531,2015-01-10,OO,DEN,GTF,18:53,0.33994740454869066,0,none,-9.0,131.0,0.0,0.0,0.0,15.1,41,0.4905587170201759
2015-01-11_OO6420,2015-01-11,OO,DEN,CID,09:55,0.33993161958978535,0,none,-13.0,,0.0,0.0,0.0,16.9,20,0.13954992240041386
2015-01-10_AA1344,2015-01-10,AA,DEN,DFW,17:36,0.3389725063344498,1,carrier,0.0,,0.0,0.0,0.0,14.4,25,0.20382824624935333
2015-01-10_UA669,2015-01-10,UA,DEN,MSP,17:35,0.338926978659972,1,none,-8.0,223.0,0.0,0.0,0.0,14.4,25,0.20382824624935333
2015-01-11_OO5247,2015-01-11,OO,DEN,IND,09:55,0.3388948766701106,0,none,-21.0,,0.0,0.0,0.0,16.9,20,0.13954992240041386
2015-01-10_NK976,2015-01-10,NK,DEN,DTW,19:59,0.33845880023752234,0,none,-24.0,,0.0,0.0,0.0,14.8,19,0.11174340403517848
2015-01-11_F9657,2015-01-11,F9,DEN,SFO,08:00,0.33802874955238044,0,none,240.0,,55.0,0.0,0.0,17.6,26,0.23706673564407657
2015-01-10_NK906,2015-01-10,NK,DEN,IAH,15:05,0.33730729314869873,1,nas,-12.0,,0.0,0.0,0.0,10.8,32,0.36277806518365235
2015-01-11_F9184,2015-01-11,F9,DEN,OKC,16:38,0.3371853423341551,0,none,-12.0,,0.0,0.0,0.0,5.4,12,0.053414381789963786
2015-01-10_OO6538,2015-01-10,OO,DEN,IDA,18:46,0.33487736717410266,0,none,-14.0,,0.0,0.0,0.0,15.1,41,0.4905587170201759
2015-01-10_F9407,2015-01-10,F9,DEN,LAX,17:45,0.3348360991849284,0,none,7.0,130.0,0.0,0.0,0.0,14.4,25,0.20382824624935333
2015-01-10_US627,2015-01-10,US,DEN,PHX,18:20,0.3337367249441387,0,none,0.0,,0.0,0.0,0.0,15.1,41,0.4905587170201759
2015-01-11_F9114,2015-01-11,F9,DEN,MSP,16:15,0.3330758577927794,0,none,-3.0,203.0,0.0,0.0,0.0,5.4,12,0.053414381789963786
2015-01-10_OO5310,2015-01-10,OO,DEN,GCC,18:20,0.3323869140877518,0,none,-8.0,272.0,0.0,0.0,0.0,15.1,41,0.4905587170201759
2015-01-10_OO5517,2015-01-10,OO,DEN,PSP,18:45,0.3320589229642043,0,none,-11.0,209.0,0.0,0.0,0.0,15.1,41,0.4905587170201759
2015-01-10_F9761,2015-01-10,F9,DEN,LAS,21:35,0.33171364285701854,1,nas,29.0,,0.0,0.0,0.0,19.8,5,0.01073460941541645
2015-01-10_OO6232,2015-01-10,OO,DEN,JAC,15:10,0.3310822683689693,0,none,0.0,,0.0,0.0,0.0,10.8,32,0.36277806518365235
2015-01-10_OO5424,2015-01-10,OO,DEN,HYS,18:15,0.33097485322695375,0,none,-9.0,,0.0,0.0,0.0,15.1,41,0.4905587170201759
2015-01-10_OO5342,2015-01-10,OO,DEN,MKE,17:20,0.33096670797494815,0,none,-5.0,189.0,0.0,0.0,0.0,14.4,25,0.20382824624935333
2015-01-10_OO6219,2015-01-10,OO,DEN,COS,18:20,0.3303845130205827,0,none,5.0,288.0,0.0,0.0,0.0,15.1,41,0.4905587170201759
2015-01-10_OO5658,2015-01-10,OO,DEN,COS,16:20,0.329926241413644,0,none,13.0,204.0,0.0,0.0,0.0,13.3,23,0.188178996378686
2015-01-10_UA1271,2015-01-10,UA,DEN,ORD,13:54,0.32947662440784636,1,none,-2.0,,0.0,0.0,0.0,16.2,20,0.13954992240041386
2015-01-11_AA2279,2015-01-11,AA,ORD,AUS,07:35,0.32945005561249446,0,none,175.0,,0.0,0.0,0.0,25.9,28,0.0535546801725755
2015-01-11_EV4722,2015-01-11,EV,ORD,BUF,07:13,0.3293237058575466,1,none,3.0,,0.0,0.0,0.0,25.9,28,0.0535546801725755
2015-01-10_EV5964,2015-01-10,EV,DEN,TYS,17:30,0.32922726744614245,0,none,-10.0,320.0,0.0,0.0,0.0,14.4,25,0.20382824624935333
2015-01-10_US1820,2015-01-10,US,DEN,CLT,16:05,0.3285518285984013,0,none,0.0,,0.0,0.0,0.0,13.3,23,0.188178996378686
2015-01-10_OO4974,2015-01-10,OO,DEN,EUG,15:15,0.32834221913375433,0,none,-14.0,,0.0,0.0,0.0,10.8,32,0.36277806518365235
2015-01-10_OO6205,2015-01-10,OO,DEN,COS,17:00,0.3282621830341,0,none,1.0,246.0,0.0,0.0,0.0,14.4,25,0.20382824624935333
2015-01-10_WN3579,2015-01-10,WN,DEN,RNO,13:15,0.3281869242594339,0,none,0.0,,0.0,0.0,0.0,16.2,20,0.13954992240041386
2015-01-11_UA1142,2015-01-11,UA,DEN,LAS,08:06,0.3281176241861709,0,none,79.0,,0.0,0.0,0.0,17.6,26,0.23706673564407657
2015-01-10_OO6207,2015-01-10,OO,DEN,JAC,19:08,0.3279604106039913,0,none,-18.0,185.0,0.0,0.0,0.0,14.8,19,0.11174340403517848
2015-01-10_EV4271,2015-01-10,EV,DEN,MOT,15:15,0.3278649364442711,0,none,-7.0,199.0,0.0,0.0,0.0,10.8,32,0.36277806518365235
2015-01-10_OO5164,2015-01-10,OO,DEN,DRO,15:42,0.3273875037989177,0,none,-12.0,171.0,0.0,0.0,0.0,10.8,32,0.36277806518365235
2015-01-10_OO6201,2015-01-10,OO,DEN,AUS,15:40,0.3270206608636002,0,none,-12.0,188.0,0.0,0.0,0.0,10.8,32,0.36277806518365235
2015-01-10_WN2876,2015-01-10,WN,DEN,ABQ,13:30,0.3267580851632261,0,none,-21.0,,0.0,0.0,0.0,16.2,20,0.13954992240041386
2015-01-10_OO5478,2015-01-10,OO,DEN,LAR,18:17,0.3266888069198866,0,none,-19.0,234.0,0.0,0.0,0.0,15.1,41,0.4905587170201759
2015-01-11_WN914,2015-01-11,WN,DEN,LAS,08:00,0.3258726958080973,0,none,77.0,,0.0,0.0,0.0,17.6,26,0.23706673564407657
2015-01-10_WN4160,2015-01-10,WN,DEN,BOI,13:10,0.3258224895763989,0,none,10.0,,0.0,0.0,0.0,16.2,20,0.13954992240041386
2015-01-10_OO5475,2015-01-10,OO,DEN,RKS,19:10,0.3257825362810343,0,none,-9.0,385.0,0.0,0.0,0.0,14.8,19,0.11174340403517848
2015-01-10_EV6029,2015-01-10,EV,DEN,AMA,17:30,0.32554782358761364,0,none,-6.0,,0.0,0.0,0.0,14.4,25,0.20382824624935333
2015-01-11_UA1524,2015-01-11,UA,ORD,IAH,07:35,0.3254556528551285,0,none,3.0,,0.0,0.0,0.0,25.9,28,0.0535546801725755
2015-01-10_WN3430,2015-01-10,WN,DEN,SEA,13:20,0.32502025691661596,0,none,-14.0,,0.0,0.0,0.0,16.2,20,0.13954992240041386
2015-01-11_UA1489,2015-01-11,UA,DEN,SFO,08:00,0.3248198948931951,0,none,51.0,,0.0,0.0,0.0,17.6,26,0.23706673564407657
2015-01-10_WN4450,2015-01-10,WN,DEN,LAS,13:45,0.32431327249149483,0,none,0.0,,0.0,0.0,0.0,16.2,20,0.13954992240041386
2015-01-10_OO5560,2015-01-10,OO,DEN,PSP,15:10,0.32325275029252326,0,none,-18.0,153.0,0.0,0.0,0.0,10.8,32,0.36277806518365235
2015-01-11_F91248,2015-01-11,F9,DEN,MIA,09:55,0.3222348086225827,0,none,6.0,,0.0,0.0,0.0,16.9,20,0.13954992240041386
2015-01-10_WN3119,2015-01-10,WN,DEN,BWI,14:50,0.3214265128659065,0,none,-2.0,125.0,0.0,0.0,0.0,13.0,19,0.11174340403517848
2015-01-10_WN2921,2015-01-10,WN,DEN,MDW,13:50,0.32108258748001195,0,none,-17.0,200.0,0.0,0.0,0.0,16.2,20,0.13954992240041386
2015-01-10_F9682,2015-01-10,F9,DEN,MCO,18:25,0.3210512336532192,0,none,-13.0,272.0,0.0,0.0,0.0,15.1,41,0.4905587170201759
2015-01-10_F91250,2015-01-10,F9,DEN,MIA,23:30,0.32087497821500793,0,none,8.0,285.0,0.0,0.0,0.0,23.8,7,0.01720124159337817
2015-01-10_F9242,2015-01-10,F9,DEN,IAH,20:20,0.3193885364979363,0,none,-1.0,,0.0,0.0,0.0,17.3,19,0.11174340403517848
2015-01-10_F9757,2015-01-10,F9,DEN,PHX,20:10,0.31852917817003096,0,none,-3.0,147.0,0.0,0.0,0.0,17.3,19,0.11174340403517848
2015-01-10_F9141,2015-01-10,F9,DEN,SEA,17:22,0.31845509073291306,1,late_aircraft,-10.0,147.0,0.0,0.0,0.0,14.4,25,0.20382824624935333
2015-01-10_OO5320,2015-01-10,OO,DEN,MAF,17:15,0.3176468116025889,0,none,1.0,275.0,0.0,0.0,0.0,14.4,25,0.20382824624935333
2015-01-10_WN4399,2015-01-10,WN,DEN,SLC,14:35,0.31757848473141986,0,none,0.0,,0.0,0.0,0.0,13.0,19,0.11174340403517848
2015-01-10_OO6210,2015-01-10,OO,DEN,TUS,17:20,0.31682785643417233,0,none,-17.0,269.0,0.0,0.0,0.0,14.4,25,0.20382824624935333
2015-01-10_EV5983,2015-01-10,EV,DEN,FSD,15:31,0.3162934286841798,0,none,-21.0,323.0,0.0,0.0,0.0,10.8,32,0.36277806518365235
2015-01-11_AA2317,2015-01-11,AA,ORD,RSW,07:30,0.315853099475456,0,none,34.0,,0.0,0.0,0.0,25.9,28,0.0535546801725755
2015-01-10_F9432,2015-01-10,F9,DEN,OMA,20:50,0.3157318725186228,1,carrier,-1.0,240.0,0.0,0.0,0.0,17.3,19,0.11174340403517848
2015-01-11_UA1012,2015-01-11,UA,ORD,IAH,05:15,0.31464690432613307,0,none,31.0,,0.0,0.0,0.0,27.7,7,0.004220596510973551
2015-01-10_F9720,2015-01-10,F9,DEN,DCA,16:50,0.31431668972093185,1,late_aircraft,-12.0,,0.0,0.0,0.0,13.3,23,0.188178996378686
2015-01-11_NK224,2015-01-11,NK,ORD,LGA,05:53,0.3140021866322118,0,none,65.0,,0.0,0.0,0.0,27.7,7,0.004220596510973551
2015-01-11_AA1395,2015-01-11,AA,ORD,TPA,07:20,0.313446669280494,0,none,0.0,,0.0,0.0,0.0,25.9,28,0.0535546801725755
2015-01-10_OO4479,2015-01-10,OO,DEN,SLC,13:00,0.31336473894103606,0,none,8.0,153.0,0.0,0.0,0.0,16.2,20,0.13954992240041386
2015-01-10_F9288,2015-01-10,F9,DEN,STL,20:55,0.3131926581996965,0,none,3.0,202.0,0.0,0.0,0.0,17.3,19,0.11174340403517848
2015-01-11_F91256,2015-01-11,F9,ORD,MIA,06:00,0.31313890611507944,1,carrier,63.0,,0.0,0.0,0.0,25.6,13,0.024385668730069407
2015-01-10_F9422,2015-01-10,F9,DEN,ATL,23:59,0.3130272488392773,1,carrier,-3.0,287.0,0.0,0.0,0.0,23.8,7,0.01720124159337817
2015-01-10_OO5605,2015-01-10,OO,DEN,TUS,15:30,0.31298837191527745,0,none,-12.0,315.0,0.0,0.0,0.0,10.8,32,0.36277806518365235
2015-01-11_AA2305,2015-01-11,AA,ORD,DFW,07:30,0.31291109662911665,0,none,0.0,,0.0,0.0,0.0,25.9,28,0.0535546801725755
2015-01-10_DL1690,2015-01-10,DL,DEN,SLC,17:35,0.3127399481265565,0,none,0.0,,0.0,0.0,0.0,14.4,25,0.20382824624935333
2015-01-10_F9300,2015-01-10,F9,DEN,TPA,23:59,0.31250821336673335,0,nas,-12.0,272.0,0.0,0.0,0.0,23.8,7,0.01720124159337817
2015-01-10_F9557,2015-01-10,F9,DEN,SAN,17:55,0.31210910059074254,0,none,-11.0,,0.0,0.0,0.0,14.4,25,0.20382824624935333
2015-01-10_OO5480,2015-01-10,OO,DEN,MLI,13:10,0.31000933943782627,0,none,6.0,,0.0,0.0,0.0,16.2,20,0.13954992240041386
2015-01-10_OO5450,2015-01-10,OO,DEN,LAR,12:57,0.30947600163044825,0,none,-2.0,,0.0,0.0,0.0,18.0,29,0.33122090015519917
2015-01-11_AA392,2015-01-11,AA,ORD,LGA,07:30,0.3092191475740083,0,none,5.0,,0.0,0.0,0.0,25.9,28,0.0535546801725755
2015-01-11_F9741,2015-01-11,F9,DEN,PHX,09:25,0.309094535791016,1,late_aircraft,-9.0,,0.0,0.0,0.0,16.9,20,0.13954992240041386
2015-01-11_AA40,2015-01-11,AA,ORD,DCA,06:20,0.30865315608650024,1,carrier,41.0,,0.0,0.0,0.0,25.6,13,0.024385668730069407
2015-01-11_AA2303,2015-01-11,AA,ORD,DFW,06:30,0.3085759125775787,0,none,44.0,,0.0,0.0,0.0,25.6,13,0.024385668730069407
2015-01-10_US588,2015-01-10,US,DEN,PHL,13:45,0.3081716985633335,0,none,0.0,,0.0,0.0,0.0,16.2,20,0.13954992240041386
2015-01-10_F9114,2015-01-10,F9,DEN,MSP,16:15,0.30776431903708185,1,nas,-4.0,,0.0,0.0,0.0,13.3,23,0.188178996378686
2015-01-10_OO6224,2015-01-10,OO,DEN,ABQ,14:39,0.3075655745592587,1,carrier,-9.0,119.0,0.0,0.0,0.0,13.0,19,0.11174340403517848
2015-01-11_US1786,2015-01-11,US,ORD,PHL,07:45,0.3073769391226814,1,none,0.0,,0.0,0.0,0.0,25.9,28,0.0535546801725755
2015-01-11_US424,2015-01-11,US,ORD,PHX,07:00,0.3066502994320657,0,none,0.0,,0.0,0.0,0.0,25.9,28,0.0535546801725755
2015-01-11_F9573,2015-01-11,F9,DEN,SLC,08:12,0.3065668015811551,0,none,32.0,,0.0,0.0,0.0,17.6,26,0.23706673564407657
2015-01-10_EV6068,2015-01-10,EV,DEN,SGF,13:00,0.30622577296459463,0,none,-33.0,,0.0,0.0,0.0,16.2,20,0.13954992240041386
2015-01-11_AA2473,2015-01-11,AA,ORD,MIA,07:25,0.3060039407507341,0,none,-4.0,,0.0,0.0,0.0,25.9,28,0.0535546801725755
2015-01-11_AA1463,2015-01-11,AA,ORD,FLL,07:05,0.3053556067079443,0,none,-2.0,,0.0,0.0,0.0,25.9,28,0.0535546801725755
2015-01-11_F9769,2015-01-11,F9,DEN,LAS,08:05,0.30526528576595574,0,none,50.0,,0.0,0.0,0.0,17.6,26,0.23706673564407657
2015-01-11_OO4489,2015-01-11,OO,ORD,MSP,06:52,0.3050314997084661,0,none,0.0,,0.0,0.0,0.0,25.6,13,0.024385668730069407
2015-01-10_WN3960,2015-01-10,WN,DEN,MSP,14:05,0.3050240071416534,0,none,-13.0,265.0,0.0,0.0,0.0,13.0,19,0.11174340403517848
2015-01-10_F9216,2015-01-10,F9,DEN,AUS,15:53,0.3049144032466539,1,nas,-2.0,181.0,0.0,0.0,0.0,10.8,32,0.36277806518365235
2015-01-10_OO5160,2015-01-10,OO,DEN,COS,13:24,0.30385880538040017,0,none,-2.0,223.0,0.0,0.0,0.0,16.2,20,0.13954992240041386
2015-01-11_AA1537,2015-01-11,AA,ORD,MCO,07:20,0.30280772446102266,0,none,-2.0,,0.0,0.0,0.0,25.9,28,0.0535546801725755
2015-01-11_AA1078,2015-01-11,AA,ORD,MIA,06:00,0.30251555630875576,0,none,23.0,,0.0,0.0,0.0,25.6,13,0.024385668730069407
2015-01-10_OO6237,2015-01-10,OO,DEN,FSD,14:28,0.30224572838405794,0,none,3.0,,0.0,0.0,0.0,13.0,19,0.11174340403517848
2015-01-10_OO5642,2015-01-10,OO,DEN,ASE,14:30,0.30107562006177374,0,none,1.0,302.0,0.0,0.0,0.0,13.0,19,0.11174340403517848
2015-01-10_F9442,2015-01-10,F9,DEN,FSD,17:00,0.29950156565982644,1,carrier,-5.0,,0.0,0.0,0.0,14.4,25,0.20382824624935333
2015-01-10_F9690,2015-01-10,F9,DEN,MCO,15:40,0.2983617893610788,0,nas,-3.0,195.0,0.0,0.0,0.0,10.8,32,0.36277806518365235
2015-01-11_NK409,2015-01-11,NK,ORD,FLL,05:30,0.29790140073609417,0,none,18.0,,0.0,0.0,0.0,27.7,7,0.004220596510973551
2015-01-11_DL1477,2015-01-11,DL,ORD,ATL,07:00,0.2973054368903945,0,none,0.0,,0.0,0.0,0.0,25.9,28,0.0535546801725755
2015-01-11_B61306,2015-01-11,B6,ORD,JFK,06:00,0.2968700572308426,0,none,0.0,,0.0,0.0,0.0,25.6,13,0.024385668730069407
2015-01-11_US1831,2015-01-11,US,ORD,CLT,07:25,0.29613722100418605,0,none,0.0,,0.0,0.0,0.0,25.9,28,0.0535546801725755
2015-01-10_DL1916,2015-01-10,DL,DEN,ATL,13:30,0.29510448779149734,0,none,0.0,,0.0,0.0,0.0,16.2,20,0.13954992240041386
2015-01-10_F9263,2015-01-10,F9,DEN,SNA,21:10,0.2946089319487739,0,none,-2.0,200.0,0.0,0.0,0.0,19.8,5,0.01073460941541645
2015-01-11_F91070,2015-01-11,F9,ORD,ATL,06:25,0.29412553439193956,0,none,5.0,,0.0,0.0,0.0,25.6,13,0.024385668730069407
2015-01-11_OO4974,2015-01-11,OO,DEN,ABQ,08:00,0.293550671697762,0,none,-2.0,,0.0,0.0,0.0,17.6,26,0.23706673564407657
2015-01-11_UA720,2015-01-11,UA,DEN,EWR,08:00,0.29310700647585436,0,none,-9.0,,0.0,0.0,0.0,17.6,26,0.23706673564407657
2015-01-11_OO5313,2015-01-11,OO,DEN,PUB,08:00,0.29252114230331183,1,late_aircraft,-12.0,,0.0,0.0,0.0,17.6,26,0.23706673564407657
2015-01-11_NK729,2015-01-11,NK,ORD,TPA,06:50,0.29122823465687464,0,none,-26.0,406.0,0.0,0.0,0.0,25.6,13,0.024385668730069407
2015-01-11_AA2310,2015-01-11,AA,DEN,DFW,08:45,0.2908548871427423,0,none,0.0,,0.0,0.0,0.0,17.6,26,0.23706673564407657
2015-01-11_AA394,2015-01-11,AA,ORD,LGA,06:35,0.29018630752288693,0,none,0.0,,0.0,0.0,0.0,25.6,13,0.024385668730069407
2015-01-11_AA1342,2015-01-11,AA,ORD,MIA,05:00,0.2900438114367762,0,none,0.0,,0.0,0.0,0.0,27.7,7,0.004220596510973551
2015-01-11_UA1227,2015-01-11,UA,DEN,RSW,08:40,0.28971910707558723,0,none,10.0,,0.0,0.0,0.0,17.6,26,0.23706673564407657
2015-01-10_DL2442,2015-01-10,DL,DEN,ATL,14:45,0.28953781868686446,0,none,0.0,,0.0,0.0,0.0,13.0,19,0.11174340403517848
2015-01-11_OO6282,2015-01-11,OO,DEN,SLC,08:22,0.2879963742324787,0,nas,-9.0,,0.0,0.0,0.0,17.6,26,0.23706673564407657
2015-01-11_WN1307,2015-01-11,WN,DEN,MDW,08:25,0.28593036888506007,0,none,-1.0,,0.0,0.0,0.0,17.6,26,0.23706673564407657
2015-01-10_F91248,2015-01-10,F9,DEN,MIA,13:05,0.28465865378685845,0,none,1.0,248.0,0.0,0.0,0.0,16.2,20,0.13954992240041386
2015-01-11_UA401,2015-01-11,UA,DEN,LAX,08:05,0.284656345732208,0,none,-2.0,,0.0,0.0,0.0,17.6,26,0.23706673564407657
2015-01-11_UA1104,2015-01-11,UA,DEN,IAH,08:30,0.2844071442993245,0,carrier,4.0,,0.0,0.0,0.0,17.6,26,0.23706673564407657
2015-01-11_WN1941,2015-01-11,WN,DEN,DAL,08:00,0.28422671780211667,0,none,-12.0,,0.0,0.0,0.0,17.6,26,0.23706673564407657
2015-01-11_UA331,2015-01-11,UA,DEN,SNA,08:15,0.2839202943633437,0,none,-1.0,,0.0,0.0,0.0,17.6,26,0.23706673564407657
2015-01-11_AS679,2015-01-11,AS,DEN,SEA,08:00,0.2837991694221117,0,none,-4.0,,0.0,0.0,0.0,17.6,26,0.23706673564407657
2015-01-10_US521,2015-01-10,US,DEN,PHX,14:50,0.283414011145333,0,none,-28.0,,0.0,0.0,0.0,13.0,19,0.11174340403517848
2015-01-10_DL1410,2015-01-10,DL,DEN,DTW,14:00,0.2828228971837284,0,none,-11.0,,0.0,0.0,0.0,13.0,19,0.11174340403517848
2015-01-11_UA491,2015-01-11,UA,DEN,PHX,08:15,0.28163553962476323,0,none,11.0,,0.0,0.0,0.0,17.6,26,0.23706673564407657
2015-01-11_UA1094,2015-01-11,UA,DEN,IAD,08:30,0.28158257207871296,1,late_aircraft,-18.0,,0.0,0.0,0.0,17.6,26,0.23706673564407657
2015-01-11_AA1238,2015-01-11,AA,ORD,FLL,05:45,0.27947265937213284,0,none,-11.0,,0.0,0.0,0.0,27.7,7,0.004220596510973551
2015-01-11_US2001,2015-01-11,US,ORD,PHL,06:00,0.27932696498716564,0,none,-9.0,,0.0,0.0,0.0,25.6,13,0.024385668730069407
2015-01-10_F9704,2015-01-10,F9,DEN,MSY,14:25,0.2780829506707266,0,none,-2.0,,0.0,0.0,0.0,13.0,19,0.11174340403517848
2015-01-11_US602,2015-01-11,US,ORD,PHX,05:00,0.2780696436462699,0,none,-7.0,,0.0,0.0,0.0,27.7,7,0.004220596510973551
2015-01-11_DL977,2015-01-11,DL,ORD,ATL,06:00,0.2765792478436965,0,none,0.0,,0.0,0.0,0.0,25.6,13,0.024385668730069407
2015-01-11_US1770,2015-01-11,US,ORD,CLT,05:50,0.2764867775899611,0,none,0.0,,0.0,0.0,0.0,27.7,7,0.004220596510973551
2015-01-10_F9238,2015-01-10,F9,DEN,BNA,14:15,0.2749063137997048,0,none,1.0,281.0,0.0,0.0,0.0,13.0,19,0.11174340403517848
2015-01-10_F9122,2015-01-10,F9,DEN,DFW,14:55,0.2730220363110809,0,none,-4.0,218.0,0.0,0.0,0.0,13.0,19,0.11174340403517848
2015-01-11_DL928,2015-01-11,DL,DEN,LGA,08:00,0.27004886064724876,0,none,3.0,,0.0,0.0,0.0,17.6,26,0.23706673564407657
2015-01-11_US433,2015-01-11,US,DEN,PHX,08:05,0.2690477371696217,0,none,0.0,,0.0,0.0,0.0,17.6,26,0.23706673564407657
2015-01-11_US1841,2015-01-11,US,DEN,CLT,08:15,0.2668117015370362,0,none,0.0,,0.0,0.0,0.0,17.6,26,0.23706673564407657
2015-01-10_F9777,2015-01-10,F9,DEN,LAS,14:04,0.2661003233320548,0,none,-11.0,269.0,0.0,0.0,0.0,13.0,19,0.11174340403517848
2015-01-11_F9424,2015-01-11,F9,DEN,ATL,08:55,0.26020372210799153,0,none,-16.0,,0.0,0.0,0.0,17.6,26,0.23706673564407657
2015-01-11_F9403,2015-01-11,F9,DEN,LAX,08:10,0.2547040302993223,0,none,-4.0,,0.0,0.0,0.0,17.6,26,0.23706673564407657
2015-01-11_F9261,2015-01-11,F9,DEN,SNA,08:15,0.2531547491360021,0,none,-7.0,,0.0,0.0,0.0,17.6,26,0.23706673564407657
2015-01-11_F9676,2015-01-11,F9,DEN,MCO,07:00,0.2501702843175007,1,carrier,71.0,,0.0,0.0,0.0,17.3,12,0.053414381789963786
2015-01-11_F9124,2015-01-11,F9,DEN,DFW,06:30,0.24429528072721482,0,none,77.0,,0.0,0.0,0.0,16.6,10,0.037635799275737195
2015-01-11_OO4995,2015-01-11,OO,DEN,GJT,07:57,0.24320536783930746,1,nas,-18.0,,0.0,0.0,0.0,17.3,12,0.053414381789963786
2015-01-11_UA1086,2015-01-11,UA,DEN,IAH,06:00,0.2401820795493809,0,none,22.0,,0.0,0.0,0.0,16.6,10,0.037635799275737195
2015-01-11_UA1246,2015-01-11,UA,DEN,MCO,07:55,0.23952332017400427,0,none,16.0,,0.0,0.0,0.0,17.3,12,0.053414381789963786
2015-01-11_OO6197,2015-01-11,OO,DEN,PDX,07:55,0.23811161914972243,0,none,12.0,,0.0,0.0,0.0,17.3,12,0.053414381789963786
2015-01-11_OO6216,2015-01-11,OO,DEN,SAT,07:55,0.23571352576553484,0,none,0.0,,0.0,0.0,0.0,17.3,12,0.053414381789963786
2015-01-11_AA328,2015-01-11,AA,DEN,DFW,05:30,0.23456100655768808,0,none,0.0,,0.0,0.0,0.0,15.8,2,0.0032333160889808587
2015-01-11_OO6515,2015-01-11,OO,DEN,DFW,07:55,0.23344944513681495,0,none,6.0,,0.0,0.0,0.0,17.3,12,0.053414381789963786
2015-01-11_AA1028,2015-01-11,AA,DEN,ORD,05:55,0.23264061556289625,0,none,-6.0,,0.0,0.0,0.0,15.8,2,0.0032333160889808587
2015-01-11_UA910,2015-01-11,UA,DEN,ORD,07:56,0.23226495121480398,1,none,-35.0,,0.0,0.0,0.0,17.3,12,0.053414381789963786
2015-01-11_F9722,2015-01-11,F9,DEN,DCA,07:45,0.2315410299056411,0,none,61.0,,0.0,0.0,0.0,17.3,12,0.053414381789963786
2015-01-11_OO6228,2015-01-11,OO,DEN,BOI,07:55,0.23022877739633035,0,none,-21.0,,0.0,0.0,0.0,17.3,12,0.053414381789963786
2015-01-11_DL1616,2015-01-11,DL,DEN,ATL,07:55,0.2291720099827461,0,none,21.0,,0.0,0.0,0.0,17.3,12,0.053414381789963786
2015-01-11_UA1721,2015-01-11,UA,DEN,SFO,06:00,0.2290627934609878,0,none,-3.0,,0.0,0.0,0.0,16.6,10,0.037635799275737195
2015-01-11_NK624,2015-01-11,NK,DEN,ORD,06:00,0.22784332290376633,0,none,2.0,398.0,0.0,0.0,0.0,16.6,10,0.037635799275737195
2015-01-11_WN4138,2015-01-11,WN,DEN,PHX,07:20,0.22314859914824423,0,none,10.0,,0.0,0.0,0.0,17.3,12,0.053414381789963786
2015-01-11_AS683,2015-01-11,AS,DEN,SEA,06:00,0.222278609641276,0,none,0.0,,0.0,0.0,0.0,16.6,10,0.037635799275737195
2015-01-11_F9787,2015-01-11,F9,DEN,PDX,07:39,0.2199218219184906,0,none,-11.0,,0.0,0.0,0.0,17.3,12,0.053414381789963786
2015-01-11_DL2520,2015-01-11,DL,DEN,SLC,06:00,0.21385073891455472,0,none,0.0,,0.0,0.0,0.0,16.6,10,0.037635799275737195
2015-01-11_US709,2015-01-11,US,DEN,CLT,06:55,0.21268699108265438,0,none,0.0,,0.0,0.0,0.0,16.6,10,0.037635799275737195
2015-01-11_DL1764,2015-01-11,DL,DEN,MSP,06:10,0.21040269290855512,0,none,0.0,,0.0,0.0,0.0,16.6,10,0.037635799275737195
2015-01-11_DL1610,2015-01-11,DL,DEN,DTW,06:05,0.20702706279882613,1,none,-5.0,,0.0,0.0,0.0,16.6,10,0.037635799275737195
2015-01-11_DL1516,2015-01-11,DL,DEN,ATL,06:10,0.20436964473013602,0,none,0.0,,0.0,0.0,0.0,16.6,10,0.037635799275737195
